"","V1","V2","V3","V4","V5"
"1",2,25,1,1,0
"2",0,2,21,0,0
"3",18,2,0,0,0
"4",21,2,0,0,0
"5",4,19,6,1,0
"6",0,1,1,16,1
"7",0,28,0,0,0
"8",1,22,3,1,0
"9",1,1,21,2,0
"10",10,6,2,1,0
"11",17,2,2,1,0
"12",5,23,1,0,0
"13",19,0,4,0,0
"14",0,0,3,14,1
"15",21,3,0,0,0
"16",21,3,0,0,0
"17",14,0,2,2,0
"18",0,29,0,1,1
"19",23,2,0,0,0
"20",22,2,2,1,0
"21",2,16,5,0,0
"22",0,1,26,0,0
"23",3,26,1,0,0
"24",3,18,0,1,0
"25",0,2,24,3,0
"26",2,26,2,1,0
"27",13,2,0,1,3
"28",2,26,1,1,0
"29",1,22,3,1,0
"30",1,23,2,0,0
"31",18,3,2,3,0
"32",2,29,2,0,0
"33",5,8,5,0,1
"34",0,12,11,1,0
"35",0,6,12,2,0
"36",20,3,0,1,0
"37",5,20,1,0,0
"38",0,1,23,2,0
"39",0,23,2,2,0
"40",5,7,5,1,0
"41",18,5,0,1,0
"42",0,25,4,0,0
"43",6,11,3,0,0
"44",1,2,19,4,0
"45",0,14,11,2,1
"46",4,26,2,2,0
"47",2,22,3,0,0
"48",2,25,1,1,0
"49",22,0,4,0,0
"50",3,19,1,2,0
"51",1,26,1,0,0
"52",1,24,3,2,0
"53",18,3,0,0,0
"54",6,17,0,0,0
"55",0,26,2,0,0
"56",1,23,2,0,0
"57",0,19,1,1,1
"58",1,21,2,1,0
"59",27,3,1,0,0
"60",7,17,0,0,0
"61",0,4,4,14,0
"62",2,22,0,2,0
"63",2,0,24,2,0
"64",18,3,0,1,0
"65",18,5,3,0,0
"66",1,18,5,1,0
"67",5,12,3,1,0
"68",25,4,0,0,0
"69",1,0,23,0,2
"70",5,8,3,2,1
"71",1,28,1,0,0
"72",4,25,2,0,0
"73",13,9,0,0,0
"74",20,0,3,1,0
"75",27,4,2,0,0
"76",4,16,2,1,0
"77",8,13,2,0,0
"78",1,25,2,2,0
"79",2,27,2,0,0
"80",1,1,16,1,0
"81",22,5,2,0,0
"82",3,19,0,1,0
"83",0,11,11,2,0
"84",4,28,0,2,0
"85",4,20,0,0,0
"86",19,5,2,0,0
"87",0,0,1,15,0
"88",4,8,8,5,0
"89",1,30,4,0,0
"90",0,23,1,1,1
"91",1,24,4,1,0
"92",2,24,2,0,0
"93",7,25,0,0,0
"94",1,23,3,0,0
"95",2,23,0,1,1
"96",1,25,3,0,0
"97",20,2,3,0,0
"98",1,28,0,0,0
"99",0,3,13,1,0
"100",23,1,3,0,0
"101",1,22,3,4,0
"102",1,25,1,0,0
"103",21,5,0,2,0
"104",1,2,5,12,0
"105",1,27,1,0,0
"106",4,18,3,0,0
"107",21,5,4,0,0
"108",0,4,21,4,0
"109",0,1,4,11,0
"110",1,15,8,0,0
"111",23,5,0,0,0
"112",2,24,3,3,0
"113",2,23,2,0,0
"114",4,0,16,2,0
"115",22,2,3,4,0
"116",4,21,3,0,0
"117",1,24,3,0,0
"118",2,1,20,0,1
"119",1,12,9,1,0
"120",3,23,1,1,0
"121",22,2,2,1,0
"122",1,2,17,1,0
"123",17,6,3,0,0
"124",0,3,17,0,0
"125",1,19,3,2,0
"126",14,16,0,0,0
"127",1,0,6,8,0
"128",13,9,4,1,0
"129",1,28,1,0,0
"130",7,18,1,1,0
"131",7,18,5,0,0
"132",1,24,3,0,0
"133",21,5,2,1,0
"134",1,24,1,0,1
"135",1,2,21,1,0
"136",0,0,23,1,0
"137",4,20,0,2,0
"138",1,20,0,2,0
"139",0,24,1,1,0
"140",0,3,21,2,0
"141",1,3,16,0,0
"142",17,0,3,2,0
"143",1,23,3,3,0
"144",3,0,21,0,0
"145",1,26,1,0,0
"146",1,27,1,0,0
"147",22,0,2,2,2
"148",2,22,2,1,0
"149",1,1,20,1,0
"150",3,23,0,1,0
"151",0,3,22,0,0
"152",0,22,4,1,1
"153",0,3,0,17,1
"154",20,1,5,1,0
"155",2,26,2,0,0
"156",1,14,4,1,0
"157",19,4,0,3,0
"158",0,7,15,1,1
"159",3,27,0,0,0
"160",1,28,0,0,0
"161",13,8,6,0,0
"162",6,12,2,0,0
"163",4,26,2,0,0
"164",0,9,4,2,4
"165",21,0,0,0,0
"166",4,27,2,0,0
"167",23,0,2,0,0
"168",7,18,0,0,0
"169",1,2,23,0,0
"170",24,0,1,0,0
"171",2,25,1,0,0
"172",2,20,1,1,0
"173",3,17,4,0,0
"174",1,24,0,5,1
"175",4,25,1,0,0
"176",0,29,0,0,0
"177",0,1,23,3,0
"178",1,0,4,12,0
"179",22,4,1,0,0
"180",8,12,1,3,0
"181",11,4,1,1,0
"182",24,4,0,0,0
"183",6,17,0,0,0
"184",0,1,26,0,0
"185",19,0,0,0,0
"186",2,19,6,0,0
"187",0,21,0,1,0
"188",0,1,9,10,0
"189",1,26,1,0,0
"190",11,15,0,0,0
"191",3,20,2,0,0
"192",1,20,3,2,2
"193",0,1,19,2,0
"194",1,7,16,1,0
"195",4,23,3,0,0
"196",2,26,1,0,0
"197",1,24,2,0,1
"198",21,3,2,2,0
"199",22,2,0,1,0
"200",0,34,1,0,0
"201",0,27,3,0,0
"202",1,27,5,2,0
"203",5,14,4,0,0
"204",23,0,2,0,0
"205",2,27,0,1,0
"206",0,1,21,2,2
"207",3,1,19,0,0
"208",10,14,5,0,0
"209",0,22,1,2,0
"210",1,26,1,3,0
"211",0,1,10,16,0
"212",24,0,1,1,0
"213",0,28,3,0,0
"214",13,9,2,0,0
"215",2,22,3,1,0
"216",1,21,3,0,0
"217",1,28,0,0,0
"218",10,14,0,1,0
"219",15,1,4,0,0
"220",13,9,6,0,0
"221",0,22,3,1,1
"222",18,1,1,0,0
"223",5,6,8,0,0
"224",0,33,0,2,0
"225",5,27,0,0,0
"226",7,21,1,2,0
"227",0,3,14,3,1
"228",10,16,1,0,0
"229",0,27,1,1,0
"230",0,3,15,0,1
"231",8,13,1,4,0
"232",22,0,3,2,0
"233",1,2,17,0,0
"234",22,0,2,0,0
"235",0,4,24,0,0
"236",1,22,1,1,0
"237",7,11,0,2,0
"238",19,1,3,3,0
"239",3,24,3,1,0
"240",0,3,3,11,0
"241",0,27,2,1,0
"242",0,2,25,0,1
"243",19,0,3,0,0
"244",3,23,3,0,0
"245",1,22,4,1,0
"246",0,28,3,1,0
"247",3,10,8,0,0
"248",21,9,0,0,0
"249",0,3,20,2,0
"250",0,2,20,1,0
"251",3,22,3,0,0
"252",7,16,6,0,0
"253",21,0,1,0,0
"254",1,19,6,0,0
"255",0,27,2,1,0
"256",0,0,25,2,0
"257",1,27,0,1,1
"258",2,17,3,1,0
"259",2,24,3,1,0
"260",1,2,6,12,0
"261",0,26,1,2,0
"262",18,4,3,0,0
"263",16,5,0,0,0
"264",23,7,0,2,0
"265",2,20,2,1,0
"266",1,16,5,3,0
"267",17,2,2,0,0
"268",2,29,0,2,0
"269",0,23,1,2,0
"270",1,29,0,2,0
"271",15,5,4,2,1
"272",19,4,1,2,0
"273",3,20,0,1,0
"274",1,0,7,12,0
"275",4,21,0,3,0
"276",7,24,0,0,0
"277",22,4,0,1,0
"278",0,26,2,3,0
"279",2,25,1,0,0
"280",9,15,0,0,0
"281",4,21,3,0,0
"282",3,19,2,0,0
"283",4,4,15,0,0
"284",6,21,0,1,0
"285",0,5,13,6,0
"286",2,30,2,0,0
"287",23,2,2,1,0
"288",0,1,20,1,0
"289",9,14,0,0,0
"290",4,26,0,0,0
"291",1,17,3,1,1
"292",21,3,2,2,0
"293",3,17,5,2,0
"294",21,2,1,1,0
"295",14,9,1,2,0
"296",1,19,2,4,0
"297",1,30,3,0,0
"298",4,20,0,0,0
"299",3,12,8,0,0
"300",1,31,0,1,0
"301",1,2,0,16,1
"302",6,18,2,0,0
"303",16,5,6,0,0
"304",4,23,2,0,0
"305",17,0,2,0,0
"306",10,3,9,3,0
"307",10,6,0,0,0
"308",5,11,5,0,0
"309",1,11,12,1,0
"310",1,6,11,2,1
"311",7,22,0,0,0
"312",1,2,20,1,0
"313",0,0,3,11,2
"314",2,32,1,0,0
"315",1,31,0,0,0
"316",1,28,0,1,0
"317",1,2,0,16,0
"318",0,21,3,3,0
"319",21,0,2,0,0
"320",2,4,19,0,0
"321",0,24,4,0,0
"322",3,20,1,0,0
"323",0,25,1,0,0
"324",1,29,2,3,0
"325",3,18,2,4,0
"326",7,16,3,0,0
"327",0,2,13,5,1
"328",4,25,2,0,0
"329",4,23,4,0,0
"330",3,13,4,1,0
"331",20,1,3,0,0
"332",4,22,0,0,0
"333",2,23,0,0,0
"334",22,3,4,0,2
"335",4,22,5,0,0
"336",24,3,0,2,1
"337",1,7,14,0,0
"338",3,27,0,0,0
"339",22,4,0,0,0
"340",17,0,0,2,0
"341",0,0,22,2,0
"342",19,1,0,0,0
"343",6,18,2,1,0
"344",0,4,19,3,1
"345",1,24,1,0,0
"346",0,0,27,1,0
"347",3,19,2,0,0
"348",0,0,4,9,3
"349",0,29,1,0,0
"350",1,3,18,2,0
"351",5,18,2,5,0
"352",0,0,5,18,0
"353",1,22,4,1,0
"354",2,25,0,1,1
"355",1,27,0,0,0
"356",17,1,0,2,0
"357",1,0,25,0,1
"358",4,22,2,1,0
"359",4,19,2,3,0
"360",20,0,3,0,0
"361",23,2,0,1,0
"362",2,17,3,0,0
"363",1,1,22,0,0
"364",3,0,22,1,0
"365",1,17,2,6,0
"366",1,0,20,0,0
"367",4,6,13,2,0
"368",23,1,1,1,0
"369",17,2,2,0,0
"370",20,0,2,0,1
"371",2,20,1,3,0
"372",5,24,0,0,0
"373",28,4,0,0,0
"374",18,6,0,0,0
"375",1,25,2,0,0
"376",24,2,2,0,0
"377",0,0,27,0,0
"378",1,25,1,2,0
"379",3,26,1,0,0
"380",2,23,1,0,0
"381",25,3,0,0,0
"382",20,2,4,1,0
"383",1,5,17,0,0
"384",0,30,2,0,0
"385",22,1,2,0,0
"386",0,1,26,3,0
"387",1,19,5,1,0
"388",2,2,17,0,0
"389",19,4,1,0,0
"390",5,9,2,1,0
"391",16,1,0,2,0
"392",2,0,26,0,0
"393",3,22,7,0,0
"394",7,19,1,0,0
"395",1,27,1,2,0
"396",1,27,2,1,0
"397",3,0,18,3,1
"398",1,24,2,3,0
"399",7,25,0,0,0
"400",5,24,1,0,0
"401",19,4,1,3,0
"402",13,8,4,1,0
"403",0,20,4,1,0
"404",0,0,22,2,0
"405",25,3,0,0,0
"406",5,15,0,3,1
"407",2,27,1,1,0
"408",2,21,1,2,1
"409",3,21,2,0,0
"410",1,25,3,0,0
"411",2,3,21,0,0
"412",19,7,0,0,0
"413",4,24,0,0,0
"414",27,3,2,0,0
"415",21,0,2,1,0
"416",21,7,0,0,0
"417",3,26,6,0,0
"418",12,6,1,0,0
"419",10,18,0,0,0
"420",21,2,4,0,0
"421",0,28,5,0,0
"422",22,2,2,0,0
"423",21,0,1,2,0
"424",0,2,3,5,4
"425",4,23,1,0,0
"426",0,20,2,3,0
"427",26,3,2,0,0
"428",14,8,2,4,0
"429",0,0,16,5,0
"430",3,27,2,0,0
"431",1,22,1,0,0
"432",1,0,18,3,2
"433",0,0,24,1,0
"434",20,0,0,0,0
"435",0,27,4,0,0
"436",3,22,1,0,0
"437",10,13,4,0,0
"438",10,19,0,0,0
"439",7,19,4,0,0
"440",9,18,2,1,0
"441",1,22,1,3,0
"442",17,2,2,1,0
"443",0,22,3,0,0
"444",0,26,3,0,0
"445",1,23,0,2,0
"446",0,3,19,0,0
"447",1,23,2,3,0
"448",8,11,2,2,0
"449",3,22,1,0,0
"450",1,26,2,0,0
"451",28,0,2,0,0
"452",2,23,0,1,0
"453",28,0,0,0,0
"454",1,0,19,0,2
"455",9,11,1,3,0
"456",27,0,1,1,0
"457",0,0,16,4,1
"458",1,2,2,15,0
"459",1,23,1,1,1
"460",1,18,5,0,0
"461",1,21,2,3,0
"462",0,0,23,0,0
"463",3,25,2,0,0
"464",3,0,10,6,0
"465",0,28,3,0,0
"466",0,29,1,1,0
"467",1,24,2,0,0
"468",0,22,2,0,0
"469",2,23,5,0,0
"470",1,10,5,0,0
"471",0,27,0,2,0
"472",1,2,24,0,0
"473",2,25,0,0,0
"474",1,25,3,0,2
"475",1,5,19,1,0
"476",23,2,2,0,0
"477",2,1,21,0,0
"478",1,24,2,0,0
"479",10,16,0,0,0
"480",1,0,25,0,0
"481",0,18,6,1,0
"482",7,13,1,3,0
"483",0,11,4,3,3
"484",1,23,1,2,0
"485",3,0,21,0,0
"486",1,27,2,1,0
"487",1,0,2,19,0
"488",1,30,1,0,0
"489",0,0,9,1,7
"490",1,2,14,0,0
"491",2,21,5,0,0
"492",24,3,2,0,0
"493",3,16,3,0,0
"494",7,19,0,0,0
"495",1,28,0,0,0
"496",21,5,1,0,0
"497",1,28,3,0,0
"498",11,9,3,4,0
"499",3,28,1,0,0
"500",1,28,2,2,0
"501",0,15,6,2,0
"502",21,1,1,0,0
"503",0,2,2,16,0
"504",1,21,3,0,0
"505",1,20,1,2,0
"506",4,23,2,0,0
"507",4,20,3,0,0
"508",3,21,0,3,0
"509",0,25,4,0,0
"510",0,1,24,4,0
"511",1,4,7,10,0
"512",8,12,6,0,0
"513",25,1,3,1,0
"514",5,22,2,0,0
"515",4,19,0,1,0
"516",5,19,2,0,0
"517",2,1,19,1,0
"518",2,25,0,0,0
"519",5,23,1,0,0
"520",19,5,0,0,0
"521",1,21,2,1,0
"522",4,27,0,0,0
"523",3,18,2,0,0
"524",0,22,2,2,1
"525",0,30,1,0,0
"526",0,29,1,0,0
"527",19,2,2,4,0
"528",8,14,2,2,0
"529",13,0,2,1,0
"530",23,2,1,2,0
"531",21,2,1,0,0
"532",9,13,3,0,0
"533",0,0,12,5,1
"534",0,2,2,16,1
"535",2,25,0,0,0
"536",0,29,2,0,0
"537",13,8,4,1,0
"538",9,12,4,0,0
"539",25,3,0,0,0
"540",21,2,2,0,2
"541",3,19,0,1,0
"542",0,2,3,18,0
"543",7,15,3,0,0
"544",3,27,0,0,0
"545",4,25,2,0,0
"546",1,1,17,2,1
"547",7,4,4,3,0
"548",5,14,2,0,0
"549",1,26,3,0,2
"550",0,26,0,1,0
"551",4,19,1,1,0
"552",3,23,0,0,0
"553",21,3,3,0,0
"554",3,20,5,2,0
"555",26,3,0,1,0
"556",2,13,6,2,0
"557",7,24,0,0,0
"558",2,28,1,0,0
"559",2,24,3,0,0
"560",0,31,3,1,0
"561",0,28,1,0,0
"562",1,18,7,1,0
"563",0,30,1,0,0
"564",22,2,0,0,0
"565",1,1,0,2,9
"566",19,5,3,2,0
"567",6,17,6,0,0
"568",3,26,1,0,0
"569",1,16,0,2,2
"570",3,22,5,4,0
"571",22,2,0,3,0
"572",27,0,1,1,0
"573",0,28,1,1,0
"574",4,26,2,0,0
"575",0,10,8,2,0
"576",1,23,2,1,0
"577",5,13,7,0,0
"578",0,29,3,1,0
"579",23,0,3,0,0
"580",1,20,0,0,1
"581",3,18,1,1,0
"582",3,1,21,1,0
"583",16,12,0,0,0
"584",1,25,0,0,0
"585",1,25,4,0,0
"586",0,3,20,4,0
"587",1,5,6,8,1
"588",1,22,0,0,0
"589",19,2,0,0,0
"590",3,30,0,2,0
"591",6,8,2,0,0
"592",4,24,3,0,0
"593",2,17,2,0,0
"594",17,2,3,0,0
"595",1,25,2,1,0
"596",1,0,18,4,0
"597",9,18,0,0,0
"598",1,23,3,0,0
"599",0,3,19,2,1
"600",4,24,4,0,0
"601",2,0,23,3,0
"602",0,25,4,1,0
"603",1,25,1,2,0
"604",3,1,12,1,0
"605",14,4,1,0,0
"606",5,18,0,1,1
"607",1,31,0,0,0
"608",1,19,4,0,0
"609",3,19,3,1,0
"610",0,23,2,2,0
"611",21,1,2,0,0
"612",21,3,2,0,0
"613",1,25,0,2,1
"614",1,20,8,0,0
"615",1,0,1,12,1
"616",21,0,4,0,1
"617",4,26,2,0,0
"618",0,28,4,0,0
"619",3,27,0,1,0
"620",26,2,0,1,0
"621",0,23,0,2,1
"622",24,1,3,0,0
"623",2,0,22,0,1
"624",1,22,1,0,0
"625",2,26,2,0,0
"626",3,25,0,1,0
"627",16,2,3,0,0
"628",2,28,1,0,0
"629",0,2,22,0,1
"630",25,3,0,0,0
"631",0,25,5,1,0
"632",1,25,6,0,0
"633",7,16,1,0,0
"634",1,2,22,0,0
"635",21,0,1,0,0
"636",1,22,2,2,0
"637",11,8,0,4,0
"638",17,0,1,0,0
"639",23,1,0,0,0
"640",1,22,2,0,0
"641",3,8,15,1,0
"642",0,0,1,13,1
"643",3,20,2,0,0
"644",0,5,11,6,0
"645",3,25,0,2,0
"646",4,0,3,11,0
"647",22,3,2,1,0
"648",19,2,0,0,0
"649",1,12,8,1,0
"650",2,2,17,0,0
"651",17,3,2,0,0
"652",1,1,20,0,0
"653",1,26,0,2,0
"654",13,5,2,0,0
"655",19,3,1,0,0
"656",24,4,0,2,0
"657",7,16,0,0,0
"658",2,28,0,0,0
"659",18,2,2,1,0
"660",2,28,0,0,0
"661",0,23,2,3,0
"662",7,14,4,1,0
"663",1,17,4,0,0
"664",0,24,1,0,0
"665",1,27,0,2,2
"666",30,3,1,0,0
"667",1,30,2,0,0
"668",0,1,7,18,0
"669",0,22,0,2,0
"670",16,3,0,2,0
"671",0,25,4,0,0
"672",0,1,17,1,0
"673",7,17,2,0,0
"674",5,19,4,0,0
"675",4,26,4,0,0
"676",2,24,0,0,0
"677",0,1,23,0,1
"678",26,3,0,1,0
"679",11,18,0,0,0
"680",2,26,4,0,0
"681",0,29,0,1,0
"682",4,22,2,0,1
"683",26,2,1,0,0
"684",1,25,5,0,0
"685",7,22,0,2,0
"686",24,4,0,0,0
"687",2,20,3,0,0
"688",20,5,0,0,0
"689",2,26,1,3,0
"690",4,25,2,0,0
"691",18,6,1,0,0
"692",7,12,4,0,0
"693",18,3,1,2,0
"694",13,15,3,0,0
"695",2,23,2,1,0
"696",2,1,1,12,0
"697",0,25,2,0,0
"698",1,3,16,1,0
"699",3,6,14,2,0
"700",17,2,4,0,0
"701",2,22,0,2,0
"702",16,8,2,0,0
"703",2,21,0,0,0
"704",2,21,2,0,0
"705",2,8,10,2,0
"706",24,2,0,0,0
"707",0,2,23,0,0
"708",0,24,4,2,0
"709",1,17,5,0,0
"710",4,20,2,2,2
"711",10,10,2,0,0
"712",2,0,17,0,0
"713",2,0,21,2,0
"714",20,0,7,2,0
"715",22,1,2,0,0
"716",0,25,4,0,0
"717",1,25,3,3,0
"718",3,25,2,0,0
"719",12,4,2,0,0
"720",2,24,2,0,0
"721",2,23,1,0,0
"722",24,4,0,0,0
"723",6,14,2,0,0
"724",1,19,1,0,0
"725",0,31,5,0,0
"726",3,8,9,1,0
"727",0,2,1,11,0
"728",1,28,1,0,0
"729",20,4,6,0,0
"730",6,16,0,1,0
"731",2,13,4,2,0
"732",11,9,2,0,0
"733",16,1,2,0,0
"734",1,15,2,4,0
"735",4,17,3,2,0
"736",0,0,3,14,3
"737",0,4,17,0,0
"738",1,22,1,2,0
"739",2,0,14,4,0
"740",4,23,0,3,1
"741",1,22,4,1,0
"742",6,21,2,2,0
"743",12,5,3,1,0
"744",20,5,1,0,0
"745",5,5,9,4,1
"746",0,22,3,0,1
"747",10,9,2,1,1
"748",28,2,2,0,0
"749",19,4,0,1,0
"750",10,12,3,0,0
"751",4,7,6,6,0
"752",3,9,6,1,2
"753",5,16,2,3,2
"754",1,2,0,18,1
"755",18,2,5,0,0
"756",9,13,0,0,0
"757",1,24,2,3,0
"758",1,27,2,1,0
"759",0,3,9,9,0
"760",2,24,1,2,0
"761",5,18,2,1,0
"762",3,19,9,0,0
"763",1,20,7,0,0
"764",22,0,5,1,0
"765",24,2,1,0,0
"766",0,19,5,0,0
"767",1,24,1,0,0
"768",2,0,23,1,0
"769",29,0,2,0,0
"770",12,6,4,1,1
"771",2,25,1,0,0
"772",2,1,14,2,0
"773",19,3,1,2,0
"774",0,30,1,0,0
"775",19,1,5,1,0
"776",19,2,0,1,0
"777",2,21,3,0,0
"778",24,2,0,1,0
"779",0,0,18,3,0
"780",11,7,2,0,0
"781",3,26,0,1,0
"782",14,5,1,0,0
"783",6,21,3,0,0
"784",5,18,0,2,0
"785",16,4,2,5,0
"786",2,27,1,0,0
"787",3,18,2,0,0
"788",0,30,0,0,0
"789",1,23,1,2,0
"790",5,23,2,0,0
"791",1,27,3,0,3
"792",4,26,1,0,0
"793",0,25,3,1,0
"794",2,17,5,0,0
"795",7,18,0,0,0
"796",1,3,2,15,0
"797",11,12,1,2,0
"798",3,28,2,1,0
"799",23,1,3,1,0
"800",23,7,0,0,0
"801",0,26,2,0,0
"802",2,31,2,0,0
"803",21,0,4,0,4
"804",18,5,0,0,0
"805",29,0,1,2,0
"806",2,24,4,0,0
"807",3,26,0,1,0
"808",2,1,20,0,0
"809",13,9,1,0,0
"810",0,1,9,0,5
"811",0,2,12,4,1
"812",0,4,19,6,0
"813",2,20,5,0,0
"814",19,5,4,0,0
"815",5,21,2,0,0
"816",1,23,2,0,0
"817",4,24,1,2,0
"818",2,2,16,0,0
"819",0,2,19,2,0
"820",6,15,4,1,0
"821",1,14,3,2,0
"822",3,20,1,0,0
"823",3,27,2,0,0
"824",0,7,10,4,0
"825",15,5,1,0,0
"826",0,1,8,14,0
"827",1,0,22,2,0
"828",7,16,3,0,0
"829",2,7,7,2,0
"830",2,30,0,2,0
"831",17,12,0,0,0
"832",0,31,1,1,0
"833",2,18,4,1,0
"834",2,27,0,0,0
"835",19,0,1,0,0
"836",15,5,1,0,0
"837",0,7,10,5,0
"838",21,7,0,1,0
"839",2,0,8,5,1
"840",1,26,2,1,0
"841",1,23,1,0,0
"842",4,23,2,0,0
"843",3,25,0,0,0
"844",14,2,1,2,1
"845",1,26,3,0,0
"846",2,1,7,9,0
"847",0,0,10,8,0
"848",0,29,4,0,0
"849",1,7,12,1,1
"850",0,0,0,16,2
"851",3,28,0,0,0
"852",20,1,0,1,0
"853",0,4,15,3,0
"854",9,6,4,1,0
"855",8,17,1,0,0
"856",3,14,5,0,0
"857",10,7,3,1,0
"858",4,14,4,2,0
"859",22,6,2,0,0
"860",5,24,5,0,0
"861",21,2,4,0,0
"862",10,10,1,1,0
"863",21,0,6,2,0
"864",23,4,3,0,0
"865",24,5,0,2,0
"866",1,29,0,0,0
"867",2,21,4,0,0
"868",1,0,23,2,0
"869",0,28,2,0,0
"870",2,23,0,2,0
"871",0,4,3,10,0
"872",6,19,0,1,1
"873",2,22,2,0,0
"874",1,25,4,0,0
"875",14,9,1,0,0
"876",3,23,4,0,0
"877",26,0,0,0,0
"878",25,3,4,0,0
"879",12,12,0,1,0
"880",0,3,20,0,0
"881",2,16,5,0,0
"882",0,12,3,4,1
"883",19,0,0,2,0
"884",0,27,1,0,0
"885",3,20,1,0,0
"886",0,27,4,0,0
"887",18,4,5,0,1
"888",22,5,0,0,0
"889",2,23,5,0,0
"890",1,22,2,0,0
"891",1,24,0,3,0
"892",4,23,3,2,0
"893",20,1,2,0,2
"894",0,28,1,0,1
"895",21,5,1,0,0
"896",4,27,0,0,0
"897",0,0,16,5,1
"898",0,29,1,0,0
"899",7,16,0,3,1
"900",2,14,8,0,0
"901",1,4,20,3,0
"902",0,1,8,12,1
"903",24,2,3,0,0
"904",1,4,20,0,0
"905",2,23,0,1,1
"906",6,22,1,0,0
"907",1,24,3,0,0
"908",4,24,2,2,0
"909",10,14,4,0,0
"910",3,26,3,0,0
"911",20,1,2,0,0
"912",0,28,1,0,0
"913",3,18,0,2,0
"914",4,24,3,0,0
"915",24,0,4,0,0
"916",0,2,0,11,0
"917",1,24,3,2,1
"918",2,24,1,0,1
"919",5,2,16,2,0
"920",0,25,2,1,1
"921",3,27,0,0,0
"922",13,1,2,0,0
"923",0,26,3,0,1
"924",2,24,0,1,0
"925",21,3,1,1,0
"926",21,4,3,0,0
"927",0,2,13,10,0
"928",1,0,1,12,4
"929",0,14,9,2,0
"930",24,1,2,0,0
"931",3,30,0,1,0
"932",1,25,1,2,0
"933",3,18,2,1,0
"934",13,7,2,2,1
"935",7,21,0,0,0
"936",26,6,0,0,0
"937",19,3,5,0,0
"938",17,3,1,0,1
"939",17,4,3,0,0
"940",0,28,1,2,0
"941",2,27,1,1,0
"942",24,5,0,1,0
"943",0,2,12,3,3
"944",0,0,15,9,0
"945",19,4,0,3,0
"946",1,24,0,0,0
"947",2,20,3,0,0
"948",21,1,1,0,0
"949",4,25,2,0,0
"950",0,1,4,16,0
"951",0,20,3,0,1
"952",4,23,1,0,0
"953",3,22,1,0,0
"954",0,1,20,0,1
"955",3,15,3,0,0
"956",0,3,20,2,0
"957",22,0,4,0,0
"958",2,27,0,1,1
"959",5,21,0,1,0
"960",21,0,1,2,0
"961",10,16,4,0,0
"962",30,3,0,1,0
"963",0,19,8,0,0
"964",1,25,4,0,0
"965",0,2,21,1,1
"966",0,6,4,9,1
"967",1,20,5,5,0
"968",1,25,4,0,0
"969",2,27,0,1,0
"970",1,25,2,0,0
"971",31,0,1,0,0
"972",0,2,5,17,2
"973",4,20,0,2,0
"974",17,3,4,2,0
"975",21,4,2,0,0
"976",0,27,3,0,0
"977",0,1,20,2,0
"978",1,23,2,1,0
"979",0,0,10,9,0
"980",4,21,4,0,0
"981",1,18,6,0,0
"982",1,1,19,0,2
"983",21,0,5,0,0
"984",1,25,3,0,0
"985",1,0,23,1,0
"986",1,22,0,0,0
"987",0,1,23,0,0
"988",7,17,0,2,0
"989",7,17,2,1,0
"990",3,4,14,1,0
"991",0,1,1,15,1
"992",27,0,6,0,0
"993",24,1,2,1,0
"994",24,1,2,0,0
"995",7,16,0,1,0
"996",3,16,4,0,0
"997",22,1,1,0,0
"998",0,15,5,3,0
"999",24,4,0,1,0
"1000",0,2,17,3,1
"1001",17,5,4,0,0
"1002",2,26,1,0,0
"1003",24,2,2,3,0
"1004",2,22,0,1,0
"1005",16,0,2,0,0
"1006",1,31,1,0,0
"1007",0,25,0,2,0
"1008",0,2,21,1,1
"1009",3,19,0,0,0
"1010",0,25,4,0,0
"1011",22,3,3,1,0
"1012",1,4,15,1,0
"1013",0,26,1,2,0
"1014",0,25,0,2,0
"1015",0,2,18,1,0
"1016",4,23,4,0,0
"1017",26,0,2,0,0
"1018",2,26,2,0,0
"1019",1,21,7,0,0
"1020",0,2,25,0,0
"1021",18,3,0,0,0
"1022",14,1,2,0,0
"1023",0,20,5,0,0
"1024",2,20,0,5,0
"1025",0,29,2,0,1
"1026",1,20,0,4,2
"1027",4,21,3,0,0
"1028",3,25,0,1,0
"1029",13,8,5,0,0
"1030",2,1,18,0,0
"1031",22,1,2,0,0
"1032",19,0,1,1,0
"1033",4,22,0,1,0
"1034",0,27,2,0,0
"1035",2,28,0,0,0
"1036",5,22,0,2,1
"1037",1,29,5,0,0
"1038",0,25,0,0,0
"1039",1,24,5,0,0
"1040",0,26,3,2,1
"1041",1,2,3,10,0
"1042",15,6,5,2,0
"1043",1,6,18,0,2
"1044",24,5,1,0,0
"1045",0,16,7,2,0
"1046",1,14,10,1,0
"1047",19,1,1,1,0
"1048",0,0,4,15,0
"1049",1,0,23,3,0
"1050",1,28,0,0,0
"1051",5,16,0,4,0
"1052",2,20,3,3,0
"1053",24,2,1,5,0
"1054",0,26,0,0,0
"1055",0,2,22,0,0
"1056",13,3,1,2,0
"1057",23,4,1,0,0
"1058",1,20,3,2,0
"1059",0,27,3,1,0
"1060",2,27,0,0,0
"1061",2,4,23,0,0
"1062",1,2,9,2,0
"1063",3,18,1,0,0
"1064",1,27,0,2,0
"1065",19,4,1,0,0
"1066",15,8,0,0,0
"1067",2,22,4,0,0
"1068",2,0,20,1,0
"1069",0,25,0,0,0
"1070",20,0,2,1,0
"1071",3,26,2,0,0
"1072",1,21,0,0,0
"1073",8,12,1,1,0
"1074",10,15,1,3,0
"1075",0,33,1,0,0
"1076",22,0,4,2,0
"1077",1,5,13,2,0
"1078",4,26,0,0,0
"1079",3,21,0,1,0
"1080",4,22,5,0,0
"1081",2,1,3,11,0
"1082",1,25,6,0,0
"1083",0,10,5,5,0
"1084",1,26,2,0,0
"1085",22,1,0,0,0
"1086",2,19,2,1,0
"1087",1,28,4,1,0
"1088",0,0,6,3,6
"1089",13,14,3,0,0
"1090",5,24,0,1,0
"1091",2,14,6,1,0
"1092",0,2,1,15,0
"1093",0,0,1,14,5
"1094",0,24,3,2,0
"1095",20,6,0,0,0
"1096",1,33,2,2,0
"1097",2,29,1,1,0
"1098",24,0,2,1,0
"1099",2,23,0,2,0
"1100",1,25,4,2,0
"1101",0,1,21,1,0
"1102",4,20,2,0,0
"1103",2,22,2,4,0
"1104",4,8,10,1,0
"1105",1,24,0,7,0
"1106",2,23,0,0,0
"1107",3,0,23,0,0
"1108",2,19,3,0,0
"1109",28,3,2,0,0
"1110",7,17,4,2,0
"1111",7,21,0,0,0
"1112",0,22,0,2,3
"1113",1,22,3,0,0
"1114",1,19,4,0,0
"1115",11,11,2,1,0
"1116",2,29,0,0,0
"1117",15,1,2,1,0
"1118",1,1,23,1,0
"1119",0,2,15,0,0
"1120",0,27,3,1,0
"1121",23,0,2,4,0
"1122",0,1,18,2,1
"1123",4,26,3,0,0
"1124",1,21,1,1,0
"1125",24,2,0,0,0
"1126",1,22,5,0,0
"1127",20,1,1,1,0
"1128",4,16,2,0,0
"1129",13,13,0,0,0
"1130",30,0,2,0,0
"1131",0,3,20,4,0
"1132",2,17,5,1,0
"1133",4,19,2,0,0
"1134",21,0,1,0,0
"1135",4,2,18,4,0
"1136",1,24,4,2,0
"1137",1,0,26,1,1
"1138",2,17,2,0,0
"1139",0,0,3,16,0
"1140",5,23,0,2,0
"1141",18,1,0,0,0
"1142",0,27,1,1,0
"1143",21,2,5,0,0
"1144",14,3,3,0,0
"1145",1,0,1,7,5
"1146",2,24,4,0,0
"1147",9,7,3,0,0
"1148",17,2,2,2,0
"1149",20,4,4,0,0
"1150",1,15,1,2,0
"1151",26,0,3,0,0
"1152",23,2,0,0,0
"1153",0,2,19,1,0
"1154",2,23,2,0,0
"1155",4,21,3,2,0
"1156",1,24,1,4,0
"1157",1,26,3,0,2
"1158",1,25,1,3,0
"1159",25,2,2,0,0
"1160",3,26,1,0,0
"1161",25,2,0,4,1
"1162",0,2,14,3,0
"1163",8,12,0,1,0
"1164",19,0,3,0,0
"1165",6,23,1,0,0
"1166",0,0,22,2,0
"1167",1,24,2,1,0
"1168",1,24,0,0,0
"1169",24,3,3,0,0
"1170",0,27,1,0,0
"1171",0,3,9,8,0
"1172",28,2,0,0,0
"1173",0,27,3,0,0
"1174",6,19,3,0,0
"1175",0,30,3,0,0
"1176",1,24,0,2,0
"1177",0,24,1,1,0
"1178",15,2,1,3,1
"1179",0,24,2,2,0
"1180",12,8,1,1,0
"1181",1,25,4,2,0
"1182",13,11,3,0,0
"1183",3,26,0,3,0
"1184",1,29,1,0,0
"1185",0,23,0,1,0
"1186",17,2,1,0,0
"1187",23,0,0,3,0
"1188",4,27,0,0,0
"1189",2,20,1,0,0
"1190",0,23,4,0,0
"1191",23,2,0,0,0
"1192",1,9,3,5,0
"1193",27,3,2,0,0
"1194",3,29,0,0,0
"1195",0,0,26,3,1
"1196",22,3,0,0,0
"1197",20,0,3,3,2
"1198",3,27,0,0,0
"1199",0,25,0,3,0
"1200",0,0,8,1,7
"1201",1,27,2,0,0
"1202",2,2,3,15,0
"1203",19,0,3,0,1
"1204",3,21,3,0,0
"1205",2,30,0,3,0
"1206",21,1,2,1,0
"1207",19,0,1,0,0
"1208",7,21,3,0,0
"1209",7,18,2,2,0
"1210",1,0,16,4,0
"1211",1,22,3,1,0
"1212",0,0,5,20,0
"1213",3,24,1,0,0
"1214",17,2,6,0,0
"1215",2,32,0,0,0
"1216",0,26,2,0,0
"1217",2,3,23,0,0
"1218",0,26,3,1,0
"1219",22,2,0,3,0
"1220",19,0,1,1,0
"1221",0,30,2,1,0
"1222",9,19,1,0,0
"1223",0,16,11,1,0
"1224",2,0,28,1,1
"1225",5,18,0,1,0
"1226",1,5,16,0,0
"1227",12,7,8,0,0
"1228",0,2,19,0,0
"1229",0,30,2,0,0
"1230",1,22,2,1,0
"1231",0,30,1,0,0
"1232",4,22,2,0,0
"1233",0,0,26,2,0
"1234",10,14,4,0,0
"1235",2,27,1,0,0
"1236",0,2,19,0,0
"1237",1,1,22,0,0
"1238",0,4,23,0,0
"1239",21,5,2,0,0
"1240",11,11,5,0,0
"1241",0,1,1,11,3
"1242",0,1,26,2,1
"1243",10,13,3,0,0
"1244",5,20,1,0,0
"1245",18,3,2,2,0
"1246",0,29,0,0,0
"1247",26,6,2,0,0
"1248",28,1,2,0,0
"1249",1,6,13,1,0
"1250",0,20,1,2,1
"1251",7,18,0,0,0
"1252",0,1,25,2,0
"1253",1,26,2,0,0
"1254",1,20,2,3,0
"1255",2,7,4,0,0
"1256",2,2,23,0,0
"1257",1,23,0,1,0
"1258",1,0,21,3,0
"1259",19,2,0,0,0
"1260",0,0,3,11,8
"1261",7,7,2,0,0
"1262",3,19,1,0,0
"1263",4,25,0,0,0
"1264",3,0,23,1,0
"1265",3,23,3,0,0
"1266",0,27,0,1,0
"1267",0,20,5,0,0
"1268",4,23,1,0,0
"1269",2,11,11,0,0
"1270",2,26,0,3,0
"1271",0,3,8,9,0
"1272",8,18,0,2,0
"1273",19,3,2,0,0
"1274",5,21,1,0,0
"1275",0,28,4,1,0
"1276",16,1,2,0,0
"1277",19,1,4,0,0
"1278",0,31,0,1,0
"1279",4,21,3,0,0
"1280",1,25,0,2,0
"1281",4,25,4,0,0
"1282",1,22,4,0,0
"1283",9,14,2,0,0
"1284",1,25,3,0,0
"1285",4,18,0,0,0
"1286",0,21,0,2,1
"1287",0,22,3,0,1
"1288",3,10,8,0,0
"1289",2,23,1,0,0
"1290",1,19,3,0,0
"1291",0,19,3,0,0
"1292",0,3,25,0,1
"1293",9,11,5,0,0
"1294",3,0,18,2,0
"1295",1,24,5,0,0
"1296",4,26,3,0,0
"1297",2,24,1,0,0
"1298",4,19,2,1,0
"1299",21,2,1,0,0
"1300",1,2,21,0,0
"1301",4,9,0,3,0
"1302",1,20,7,1,0
"1303",24,3,0,1,0
"1304",0,1,3,18,0
"1305",0,24,4,0,0
"1306",2,17,5,1,0
"1307",17,7,2,0,0
"1308",2,18,4,1,0
"1309",2,24,4,0,0
"1310",21,1,1,0,0
"1311",0,2,3,14,0
"1312",3,24,1,2,0
"1313",0,23,2,3,0
"1314",0,3,24,1,0
"1315",7,16,2,1,2
"1316",0,12,5,1,0
"1317",4,24,1,0,0
"1318",8,13,3,3,0
"1319",22,1,5,0,3
"1320",21,5,0,0,0
"1321",0,25,2,2,0
"1322",22,3,4,0,0
"1323",5,24,3,0,0
"1324",23,0,3,0,0
"1325",2,1,21,0,0
"1326",19,4,3,0,0
"1327",1,24,5,2,0
"1328",12,13,2,0,0
"1329",15,2,2,1,2
"1330",1,1,22,2,0
"1331",1,0,4,11,0
"1332",1,28,0,1,0
"1333",23,2,2,3,0
"1334",23,0,1,0,0
"1335",1,27,1,0,2
"1336",14,3,4,0,0
"1337",2,26,1,2,0
"1338",2,29,2,0,0
"1339",1,2,17,0,0
"1340",0,24,2,1,1
"1341",4,7,7,1,0
"1342",22,0,4,5,0
"1343",9,13,1,0,1
"1344",4,21,1,0,0
"1345",10,15,3,0,0
"1346",1,9,6,5,0
"1347",0,0,2,16,0
"1348",17,0,3,0,0
"1349",8,12,0,1,0
"1350",3,23,6,2,0
"1351",21,7,0,1,0
"1352",24,5,0,0,0
"1353",0,1,4,12,3
"1354",0,1,9,4,0
"1355",20,1,4,0,0
"1356",1,0,25,2,0
"1357",4,20,0,3,2
"1358",2,28,2,0,0
"1359",19,2,2,1,1
"1360",10,10,2,0,0
"1361",5,24,0,0,0
"1362",24,2,1,0,0
"1363",20,1,2,0,0
"1364",3,4,20,0,0
"1365",20,2,4,0,0
"1366",20,2,2,2,0
"1367",0,25,2,0,1
"1368",0,21,3,0,0
"1369",0,22,0,1,1
"1370",3,21,2,0,0
"1371",0,15,2,0,1
"1372",2,19,2,0,0
"1373",2,25,0,0,0
"1374",20,1,5,0,1
"1375",21,3,1,2,0
"1376",0,4,19,0,0
"1377",22,9,2,0,0
"1378",1,29,4,0,0
"1379",3,28,0,1,0
"1380",21,4,0,0,0
"1381",17,1,5,0,0
"1382",25,1,1,0,0
"1383",0,22,5,1,0
"1384",2,22,0,2,0
"1385",6,21,0,0,0
"1386",26,1,2,0,0
"1387",2,22,4,0,0
"1388",23,2,4,2,0
"1389",0,26,2,2,0
"1390",19,4,5,0,0
"1391",3,17,3,0,0
"1392",0,32,1,0,0
"1393",24,5,2,0,0
"1394",1,1,22,3,0
"1395",0,2,5,7,0
"1396",15,0,2,3,0
"1397",0,26,2,0,0
"1398",2,23,0,0,0
"1399",0,26,3,2,0
"1400",0,31,3,1,0
"1401",5,24,0,0,0
"1402",2,0,3,13,0
"1403",3,23,5,0,0
"1404",1,4,5,11,0
"1405",2,1,19,2,0
"1406",9,12,4,1,0
"1407",7,25,0,0,0
"1408",16,4,3,3,0
"1409",1,22,1,0,0
"1410",1,20,3,0,0
"1411",23,1,0,0,0
"1412",1,26,0,2,3
"1413",4,23,0,0,0
"1414",20,4,1,0,0
"1415",1,0,10,9,0
"1416",23,5,0,0,0
"1417",1,22,1,1,1
"1418",2,10,7,4,0
"1419",21,2,0,0,0
"1420",24,3,0,0,0
"1421",0,25,1,0,0
"1422",0,4,23,1,0
"1423",21,5,0,0,0
"1424",0,4,21,0,0
"1425",0,15,8,0,0
"1426",0,29,2,0,0
"1427",23,2,3,0,0
"1428",4,27,0,0,0
"1429",1,28,2,1,0
"1430",17,0,3,0,0
"1431",13,5,0,1,0
"1432",1,21,4,0,0
"1433",5,13,1,3,0
"1434",0,29,2,1,0
"1435",3,16,3,1,0
"1436",7,18,3,0,0
"1437",0,0,23,0,0
"1438",11,3,2,0,0
"1439",10,20,0,2,0
"1440",2,0,23,1,0
"1441",0,8,10,0,1
"1442",1,20,1,2,0
"1443",2,23,4,2,0
"1444",6,15,2,0,0
"1445",0,3,17,0,0
"1446",24,2,3,0,0
"1447",4,24,2,0,0
"1448",1,0,22,1,0
"1449",28,2,1,0,0
"1450",0,20,3,0,1
"1451",2,3,15,1,0
"1452",0,3,7,5,0
"1453",1,22,4,2,0
"1454",0,23,2,2,1
"1455",0,27,0,2,0
"1456",0,24,2,1,0
"1457",12,12,2,2,0
"1458",22,2,2,1,0
"1459",1,33,2,0,0
"1460",1,22,1,3,0
"1461",26,3,2,0,0
"1462",4,24,2,0,0
"1463",0,0,2,9,3
"1464",23,2,4,0,0
"1465",11,5,2,1,0
"1466",4,19,2,2,0
"1467",24,2,0,0,0
"1468",3,23,2,3,0
"1469",20,1,0,0,0
"1470",2,21,1,0,0
"1471",19,0,2,1,0
"1472",24,0,2,0,0
"1473",1,19,6,2,0
"1474",0,14,3,3,1
"1475",0,0,27,1,0
"1476",19,0,0,0,0
"1477",0,0,2,0,0
"1478",0,5,14,1,1
"1479",0,2,22,0,0
"1480",5,7,9,0,0
"1481",1,31,0,0,0
"1482",1,25,1,1,0
"1483",0,0,27,2,0
"1484",0,23,3,1,0
"1485",20,1,0,0,0
"1486",0,0,5,20,0
"1487",11,10,0,3,0
"1488",1,19,2,2,0
"1489",8,20,2,1,0
"1490",18,2,3,4,0
"1491",0,18,0,2,0
"1492",1,3,19,0,0
"1493",2,19,1,0,0
"1494",4,17,3,0,0
"1495",0,1,22,1,2
"1496",30,3,3,0,0
"1497",0,28,0,1,0
"1498",1,21,3,1,0
"1499",24,2,1,0,0
"1500",0,26,1,2,0
"1501",0,0,0,12,5
"1502",5,16,9,0,0
"1503",18,3,0,1,0
"1504",0,33,1,0,0
"1505",0,29,1,1,0
"1506",21,0,1,1,0
"1507",0,25,1,2,0
"1508",0,16,12,0,0
"1509",1,4,14,3,0
"1510",2,19,3,0,0
"1511",0,22,2,3,0
"1512",0,2,20,1,0
"1513",7,13,6,0,0
"1514",23,0,1,3,0
"1515",1,21,3,2,0
"1516",22,8,2,0,0
"1517",0,30,0,0,0
"1518",0,0,29,1,0
"1519",0,4,24,0,0
"1520",18,1,1,1,0
"1521",0,14,5,6,0
"1522",0,1,0,7,5
"1523",1,18,5,1,0
"1524",1,30,0,0,0
"1525",1,19,2,1,0
"1526",1,29,1,0,0
"1527",19,3,1,0,0
"1528",3,24,3,2,0
"1529",0,27,2,1,0
"1530",2,1,18,0,0
"1531",1,1,20,0,1
"1532",18,3,7,0,0
"1533",0,1,1,17,3
"1534",10,0,4,3,1
"1535",0,0,2,13,2
"1536",4,19,5,1,0
"1537",13,2,2,0,0
"1538",1,3,19,3,0
"1539",30,0,0,0,0
"1540",2,19,4,0,0
"1541",8,8,3,0,0
"1542",0,28,2,1,0
"1543",0,27,4,0,1
"1544",1,25,3,0,0
"1545",10,15,4,0,0
"1546",1,25,0,0,0
"1547",21,2,6,0,0
"1548",3,25,1,1,0
"1549",1,0,1,5,6
"1550",1,0,23,0,0
"1551",20,0,2,0,0
"1552",0,0,14,4,0
"1553",1,17,2,3,0
"1554",1,1,21,0,0
"1555",0,0,24,2,0
"1556",13,15,0,0,0
"1557",15,0,9,0,0
"1558",28,2,0,0,0
"1559",0,25,4,0,0
"1560",0,0,25,0,0
"1561",17,2,1,0,0
"1562",0,0,2,11,2
"1563",7,19,4,0,0
"1564",1,27,1,2,0
"1565",0,3,17,2,0
"1566",3,0,20,0,0
"1567",3,24,0,0,0
"1568",15,2,2,1,0
"1569",3,23,2,1,1
"1570",4,20,0,0,0
"1571",11,11,3,1,0
"1572",0,22,2,1,0
"1573",2,34,0,0,0
"1574",23,0,2,1,0
"1575",0,2,13,5,0
"1576",6,19,1,0,0
"1577",21,4,0,0,0
"1578",21,5,0,2,0
"1579",0,2,18,4,0
"1580",3,21,5,0,0
"1581",0,1,14,4,0
"1582",18,6,4,0,0
"1583",3,20,1,0,0
"1584",19,1,1,0,0
"1585",4,21,0,0,0
"1586",21,0,2,4,0
"1587",17,1,1,1,0
"1588",4,18,3,0,0
"1589",1,25,3,2,0
"1590",24,0,0,0,0
"1591",7,16,3,2,0
"1592",0,27,1,1,0
"1593",5,18,2,0,0
"1594",25,0,5,2,0
"1595",1,23,1,0,0
"1596",16,0,3,0,0
"1597",17,6,0,1,0
"1598",4,21,0,2,0
"1599",0,4,21,0,0
"1600",0,26,1,0,0
"1601",0,3,0,0,0
"1602",23,4,1,0,0
"1603",8,20,0,0,0
"1604",11,12,1,0,0
"1605",0,0,4,21,1
"1606",16,3,1,0,0
"1607",4,21,5,0,1
"1608",0,25,3,1,0
"1609",2,4,19,2,0
"1610",2,24,0,0,0
"1611",21,6,0,0,0
"1612",4,21,0,2,0
"1613",10,15,1,1,0
"1614",12,7,0,1,0
"1615",27,0,3,0,0
"1616",3,23,3,0,0
"1617",23,3,4,0,0
"1618",23,2,0,0,0
"1619",4,26,2,1,0
"1620",23,3,1,0,0
"1621",6,19,0,0,0
"1622",1,8,9,1,0
"1623",26,2,4,0,0
"1624",21,1,0,0,0
"1625",13,2,4,1,0
"1626",3,22,1,0,0
"1627",19,4,2,0,0
"1628",0,24,3,0,0
"1629",0,24,3,1,0
"1630",22,4,2,0,0
"1631",25,2,1,0,0
"1632",19,3,0,0,0
"1633",21,2,0,0,0
"1634",1,7,17,0,3
"1635",4,3,10,1,0
"1636",2,22,1,2,0
"1637",6,5,8,1,0
"1638",9,15,1,0,0
"1639",20,2,6,0,1
"1640",20,2,0,1,0
"1641",1,12,8,0,0
"1642",0,28,1,0,0
"1643",3,28,0,0,0
"1644",14,5,2,0,0
"1645",24,1,3,0,0
"1646",0,25,0,3,0
"1647",0,0,20,5,0
"1648",1,30,1,0,0
"1649",4,18,6,0,2
"1650",0,1,15,8,0
"1651",21,0,3,2,0
"1652",0,32,1,1,0
"1653",3,19,3,0,0
"1654",1,26,1,0,0
"1655",1,21,1,2,0
"1656",1,2,15,5,1
"1657",0,28,0,1,0
"1658",1,22,2,0,0
"1659",24,0,0,2,0
"1660",18,2,1,0,0
"1661",5,22,0,0,0
"1662",0,10,15,0,0
"1663",26,3,2,0,0
"1664",23,2,2,3,0
"1665",0,22,3,0,0
"1666",5,8,9,1,0
"1667",0,27,3,1,0
"1668",3,18,3,0,0
"1669",2,23,0,1,2
"1670",0,24,0,0,0
"1671",20,2,2,1,0
"1672",1,24,1,0,0
"1673",0,25,0,4,0
"1674",1,24,5,0,0
"1675",2,1,3,14,0
"1676",0,25,1,3,0
"1677",3,22,1,1,0
"1678",12,14,5,0,0
"1679",0,2,2,9,0
"1680",0,1,28,2,0
"1681",3,29,0,0,0
"1682",9,9,4,0,0
"1683",24,2,0,3,2
"1684",0,22,2,1,0
"1685",4,22,4,0,0
"1686",0,3,20,1,0
"1687",21,1,1,0,0
"1688",1,3,22,0,1
"1689",1,1,4,9,0
"1690",25,0,1,0,0
"1691",0,2,26,0,0
"1692",4,21,2,2,0
"1693",0,0,5,8,2
"1694",0,32,0,0,0
"1695",0,32,3,2,0
"1696",0,2,15,1,0
"1697",21,5,2,0,0
"1698",3,27,2,0,0
"1699",23,1,2,0,0
"1700",26,2,0,0,0
"1701",12,7,0,1,0
"1702",0,1,20,1,0
"1703",0,1,5,16,0
"1704",4,2,17,0,0
"1705",1,23,3,0,0
"1706",7,11,11,0,0
"1707",1,30,4,1,0
"1708",16,4,2,0,0
"1709",3,24,0,0,0
"1710",0,21,3,2,0
"1711",19,1,4,0,0
"1712",0,27,3,2,1
"1713",1,24,1,0,0
"1714",0,6,13,3,0
"1715",6,12,3,1,0
"1716",1,14,0,3,1
"1717",9,22,2,0,0
"1718",4,27,0,0,0
"1719",25,1,3,0,0
"1720",0,23,4,1,0
"1721",4,26,0,0,0
"1722",11,3,4,1,0
"1723",2,27,0,0,0
"1724",24,0,2,0,0
"1725",0,28,0,3,0
"1726",1,29,2,0,0
"1727",21,0,3,3,0
"1728",2,23,3,0,0
"1729",22,4,0,0,0
"1730",4,1,0,12,0
"1731",22,2,1,0,0
"1732",0,26,0,3,0
"1733",2,18,2,0,0
"1734",23,4,0,2,0
"1735",1,28,0,1,0
"1736",21,1,2,0,0
"1737",0,1,12,6,1
"1738",25,7,0,0,0
"1739",20,4,1,0,0
"1740",1,31,3,0,0
"1741",1,27,2,2,0
"1742",2,0,20,2,0
"1743",19,7,0,0,0
"1744",1,3,16,0,1
"1745",2,23,0,0,0
"1746",26,2,1,1,0
"1747",0,25,2,0,0
"1748",18,1,1,1,0
"1749",0,25,4,0,1
"1750",0,15,10,2,0
"1751",23,3,3,0,0
"1752",22,1,1,0,1
"1753",15,7,0,0,0
"1754",22,1,0,1,0
"1755",2,2,17,1,0
"1756",1,28,3,2,0
"1757",0,4,4,9,0
"1758",14,5,0,0,0
"1759",12,9,0,0,0
"1760",8,16,3,0,0
"1761",21,3,0,5,0
"1762",0,1,24,0,0
"1763",15,4,2,0,0
"1764",1,3,13,3,0
"1765",0,1,10,5,1
"1766",6,17,0,1,0
"1767",20,2,3,0,0
"1768",2,1,24,2,0
"1769",0,3,22,1,0
"1770",24,2,2,2,0
"1771",3,26,0,0,0
"1772",2,24,4,0,1
"1773",7,20,0,0,0
"1774",15,5,6,2,0
"1775",25,0,2,0,0
"1776",1,30,2,1,0
"1777",18,9,0,0,0
"1778",0,1,1,10,4
"1779",5,18,4,0,0
"1780",3,21,0,0,0
"1781",1,0,26,0,0
"1782",0,0,27,2,0
"1783",3,21,3,0,0
"1784",1,12,2,6,0
"1785",22,1,1,0,0
"1786",4,26,1,1,0
"1787",17,5,0,3,1
"1788",3,0,22,0,0
"1789",22,2,4,0,0
"1790",7,20,0,2,0
"1791",2,24,4,0,0
"1792",3,2,17,0,1
"1793",13,2,4,1,0
"1794",4,26,0,0,0
"1795",2,29,0,0,0
"1796",21,0,2,1,0
"1797",13,15,2,0,0
"1798",2,21,2,0,0
"1799",24,1,0,0,0
"1800",1,3,7,8,0
"1801",19,4,0,0,0
"1802",1,25,3,0,0
"1803",8,23,0,0,0
"1804",0,2,25,2,1
"1805",1,2,23,0,1
"1806",0,15,4,2,0
"1807",1,2,12,8,0
"1808",3,2,17,0,0
"1809",14,11,2,0,0
"1810",3,20,1,1,0
"1811",0,30,2,0,0
"1812",10,17,3,0,0
"1813",18,8,1,0,0
"1814",16,2,0,1,0
"1815",4,20,2,1,0
"1816",9,4,5,0,0
"1817",0,27,2,0,0
"1818",0,19,2,3,2
"1819",10,15,4,0,0
"1820",2,26,3,0,0
"1821",4,11,8,1,0
"1822",0,24,0,3,0
"1823",15,0,6,6,0
"1824",1,21,6,0,0
"1825",18,0,2,1,1
"1826",0,1,18,1,1
"1827",0,9,14,0,1
"1828",16,5,0,0,0
"1829",0,23,5,0,0
"1830",3,21,2,0,0
"1831",9,17,3,0,0
"1832",17,1,1,3,0
"1833",1,0,21,0,2
"1834",2,24,1,1,0
"1835",3,24,2,0,0
"1836",0,13,8,0,1
"1837",0,27,1,0,0
"1838",33,0,0,0,0
"1839",3,23,0,1,0
"1840",20,5,0,2,0
"1841",0,22,3,1,1
"1842",4,22,2,3,0
"1843",21,5,0,0,0
"1844",15,5,2,0,0
"1845",1,20,3,1,0
"1846",0,23,5,0,0
"1847",10,14,1,1,0
"1848",4,17,2,0,0
"1849",1,3,20,3,0
"1850",3,21,2,0,1
"1851",0,24,0,0,0
"1852",22,3,1,0,0
"1853",21,0,1,0,0
"1854",0,1,23,4,2
"1855",0,1,23,2,0
"1856",0,26,0,0,0
"1857",15,1,6,0,0
"1858",3,20,1,0,0
"1859",3,7,9,0,0
"1860",0,3,23,0,0
"1861",20,3,0,1,0
"1862",1,26,1,0,0
"1863",27,0,0,2,1
"1864",1,25,3,0,0
"1865",4,23,1,2,0
"1866",16,0,0,1,0
"1867",8,11,3,0,0
"1868",0,27,1,2,0
"1869",0,0,28,0,0
"1870",4,22,2,0,0
"1871",17,4,3,0,0
"1872",4,24,0,0,0
"1873",25,0,2,0,0
"1874",13,7,3,0,1
"1875",23,1,3,0,0
"1876",5,16,5,2,0
"1877",0,30,2,0,0
"1878",0,0,21,0,1
"1879",1,21,1,0,0
"1880",20,2,1,3,0
"1881",8,2,5,3,1
"1882",0,22,5,0,0
"1883",1,22,1,0,0
"1884",20,3,1,0,0
"1885",12,1,7,2,0
"1886",1,22,1,1,0
"1887",4,18,1,3,0
"1888",7,20,2,0,0
"1889",10,6,2,1,0
"1890",0,1,10,6,0
"1891",1,0,17,3,0
"1892",0,26,2,0,0
"1893",3,9,11,0,0
"1894",17,2,1,0,0
"1895",17,1,2,0,0
"1896",0,20,2,1,0
"1897",0,0,2,13,2
"1898",21,1,2,0,0
"1899",18,4,1,3,0
"1900",2,27,0,0,0
"1901",4,22,3,0,0
"1902",2,32,0,0,0
"1903",24,1,0,0,0
"1904",2,2,17,0,0
"1905",1,0,21,3,0
"1906",17,5,1,0,0
"1907",0,29,3,0,1
"1908",1,0,22,5,0
"1909",16,2,3,0,0
"1910",1,27,2,0,0
"1911",4,24,2,0,0
"1912",3,26,0,0,0
"1913",3,25,0,1,0
"1914",3,26,3,2,0
"1915",23,0,3,0,0
"1916",22,3,0,0,0
"1917",7,18,2,1,0
"1918",17,4,1,3,0
"1919",0,25,2,1,0
"1920",7,17,0,0,0
"1921",1,20,4,2,0
"1922",5,19,0,1,0
"1923",4,14,2,0,0
"1924",8,25,0,1,0
"1925",0,28,2,1,0
"1926",0,24,0,1,0
"1927",1,20,8,0,0
"1928",0,29,1,0,0
"1929",0,20,5,0,0
"1930",0,8,15,0,0
"1931",7,15,2,1,0
"1932",0,31,3,0,0
"1933",0,30,2,0,3
"1934",1,25,5,0,0
"1935",1,20,2,0,0
"1936",5,18,1,0,0
"1937",1,23,3,0,0
"1938",3,30,3,0,0
"1939",1,29,2,0,0
"1940",4,29,0,0,0
"1941",1,23,1,0,0
"1942",0,12,2,6,0
"1943",1,21,3,0,0
"1944",28,0,0,1,0
"1945",4,9,7,1,0
"1946",16,5,2,0,0
"1947",6,20,2,0,0
"1948",0,0,26,1,0
"1949",0,3,3,9,1
"1950",4,26,3,0,0
"1951",2,26,4,0,0
"1952",0,25,3,2,0
"1953",1,26,2,0,0
"1954",0,26,1,0,0
"1955",24,2,1,0,0
"1956",8,19,0,0,0
"1957",0,2,18,5,0
"1958",23,3,3,0,0
"1959",23,4,1,0,0
"1960",1,26,0,2,0
"1961",19,6,2,2,0
"1962",1,21,5,0,0
"1963",11,0,5,1,0
"1964",21,2,8,0,0
"1965",18,1,3,1,0
"1966",0,25,2,0,1
"1967",0,1,0,27,0
"1968",25,4,0,0,0
"1969",2,24,4,0,0
"1970",0,26,1,0,0
"1971",8,4,8,1,0
"1972",22,5,2,0,0
"1973",10,12,4,0,0
"1974",1,20,2,5,0
"1975",1,30,0,0,0
"1976",18,4,1,0,0
"1977",5,20,1,1,0
"1978",2,21,4,0,0
"1979",28,1,2,0,0
"1980",0,1,13,4,1
"1981",7,14,2,0,0
"1982",2,23,4,0,0
"1983",0,26,4,0,0
"1984",0,22,4,2,0
"1985",1,20,7,1,0
"1986",0,27,4,0,0
"1987",0,0,6,9,0
"1988",2,0,21,1,0
"1989",1,25,3,1,0
"1990",5,23,0,0,0
"1991",6,17,1,0,0
"1992",18,3,3,2,0
"1993",3,26,0,0,0
"1994",20,1,1,1,0
"1995",1,22,4,0,0
"1996",0,28,1,0,0
"1997",20,0,2,6,0
"1998",9,0,12,0,0
"1999",4,24,1,1,0
"2000",28,0,2,0,0
"2001",11,11,5,3,0
"2002",2,0,29,0,0
"2003",4,22,1,0,0
"2004",2,2,15,1,0
"2005",1,20,2,1,1
"2006",20,0,3,2,0
"2007",1,13,2,5,0
"2008",5,19,7,0,0
"2009",26,1,0,0,0
"2010",19,0,2,0,0
"2011",1,24,4,0,0
"2012",0,1,21,2,0
"2013",22,3,0,1,0
"2014",21,1,2,1,0
"2015",0,26,1,0,0
"2016",3,3,19,0,0
"2017",2,1,24,0,0
"2018",0,1,23,0,0
"2019",2,24,1,4,0
"2020",0,15,12,0,0
"2021",16,5,4,3,0
"2022",5,20,4,0,0
"2023",1,5,8,6,0
"2024",2,1,21,0,1
"2025",19,2,2,0,0
"2026",3,1,11,0,1
"2027",0,22,4,1,0
"2028",3,11,10,0,0
"2029",24,6,0,0,0
"2030",19,2,0,0,0
"2031",5,16,3,0,0
"2032",2,26,4,0,0
"2033",0,24,2,1,0
"2034",1,25,4,0,0
"2035",0,24,4,0,0
"2036",4,25,0,0,0
"2037",12,13,2,0,0
"2038",0,1,21,0,0
"2039",3,24,1,0,0
"2040",14,2,4,0,0
"2041",25,0,4,0,0
"2042",3,24,3,1,0
"2043",1,25,5,0,0
"2044",1,28,3,1,0
"2045",5,23,0,0,0
"2046",17,4,3,0,0
"2047",0,27,0,0,0
"2048",11,11,4,0,0
"2049",1,3,22,0,0
"2050",2,27,0,0,0
"2051",21,3,1,0,0
"2052",24,1,2,0,0
"2053",19,6,1,3,0
"2054",1,26,3,0,0
"2055",21,3,1,2,1
"2056",2,1,17,3,0
"2057",0,1,14,4,1
"2058",2,23,4,0,0
"2059",21,2,1,0,0
"2060",16,2,1,3,0
"2061",24,3,0,0,0
"2062",20,3,2,0,0
"2063",1,3,5,8,0
"2064",2,5,11,1,0
"2065",0,0,2,10,2
"2066",1,0,20,2,0
"2067",0,25,3,0,0
"2068",0,22,6,2,0
"2069",23,5,3,0,0
"2070",1,1,20,2,0
"2071",17,6,0,0,0
"2072",26,2,1,0,0
"2073",0,19,0,1,2
"2074",2,29,0,0,0
"2075",0,1,0,15,0
"2076",5,1,0,13,0
"2077",20,1,0,0,0
"2078",0,0,3,17,0
"2079",17,7,0,0,0
"2080",0,21,6,1,0
"2081",27,4,0,4,0
"2082",1,6,16,0,1
"2083",0,28,1,1,0
"2084",2,28,0,0,0
"2085",4,23,0,0,0
"2086",0,27,3,1,0
"2087",3,22,3,1,0
"2088",0,2,2,16,0
"2089",16,3,1,0,0
"2090",26,0,0,0,0
"2091",0,27,1,1,0
"2092",0,28,2,1,0
"2093",29,1,0,0,0
"2094",0,5,18,0,0
"2095",2,1,20,1,0
"2096",0,18,9,2,0
"2097",1,22,0,2,2
"2098",22,2,7,0,0
"2099",1,27,0,0,0
"2100",20,10,0,0,0
"2101",0,0,17,4,0
"2102",22,0,2,3,0
"2103",0,25,1,2,1
"2104",1,24,2,0,0
"2105",1,23,4,3,0
"2106",22,3,4,0,0
"2107",6,21,0,1,0
"2108",1,0,22,2,0
"2109",1,24,2,1,1
"2110",1,27,3,0,0
"2111",6,21,1,0,0
"2112",2,1,22,0,0
"2113",3,27,1,0,0
"2114",3,22,6,0,0
"2115",15,4,0,0,1
"2116",1,24,3,0,0
"2117",3,20,2,1,0
"2118",8,21,0,0,0
"2119",0,28,4,0,0
"2120",16,5,0,0,0
"2121",0,21,2,0,0
"2122",2,24,2,0,0
"2123",1,26,3,0,1
"2124",1,2,23,0,0
"2125",0,21,1,1,0
"2126",0,27,2,0,0
"2127",1,0,27,2,1
"2128",5,16,2,0,0
"2129",7,11,0,1,0
"2130",1,7,9,2,0
"2131",4,19,0,0,0
"2132",2,23,3,0,0
"2133",13,5,4,5,0
"2134",6,17,1,2,2
"2135",4,18,4,2,0
"2136",7,19,4,0,0
"2137",0,21,4,1,0
"2138",7,18,0,0,0
"2139",1,1,20,1,0
"2140",0,26,0,4,0
"2141",13,0,3,0,0
"2142",19,4,0,0,0
"2143",1,10,9,1,0
"2144",3,24,6,0,0
"2145",6,21,0,0,0
"2146",1,4,7,9,0
"2147",0,1,22,1,1
"2148",22,4,6,0,0
"2149",23,2,2,0,0
"2150",1,23,4,1,0
"2151",15,0,2,2,0
"2152",0,9,5,8,1
"2153",7,21,2,2,0
"2154",3,16,6,2,0
"2155",2,22,2,0,0
"2156",1,22,5,0,0
"2157",19,1,0,2,0
"2158",23,3,1,2,0
"2159",14,2,4,0,0
"2160",2,28,4,0,0
"2161",6,20,3,0,1
"2162",9,18,1,0,0
"2163",23,6,5,0,0
"2164",0,14,4,3,1
"2165",1,25,0,0,0
"2166",1,19,2,3,0
"2167",7,16,1,2,0
"2168",20,2,2,2,0
"2169",1,28,1,2,0
"2170",25,2,1,2,0
"2171",0,26,2,1,0
"2172",17,2,4,1,0
"2173",3,3,16,0,0
"2174",22,5,2,0,0
"2175",0,29,3,1,0
"2176",18,3,0,2,1
"2177",0,6,16,1,0
"2178",17,0,1,0,0
"2179",0,0,13,9,0
"2180",0,3,4,11,0
"2181",9,18,0,1,0
"2182",1,24,4,0,0
"2183",0,26,3,0,0
"2184",3,25,1,1,0
"2185",0,5,17,2,0
"2186",0,22,5,2,0
"2187",0,10,4,7,0
"2188",0,21,4,1,0
"2189",3,26,0,0,0
"2190",1,1,22,1,0
"2191",21,0,3,0,0
"2192",3,12,6,0,0
"2193",21,5,1,0,0
"2194",1,29,1,0,0
"2195",17,6,1,3,0
"2196",26,3,2,0,0
"2197",1,0,0,16,0
"2198",3,24,1,0,0
"2199",7,17,2,0,0
"2200",1,23,3,1,0
"2201",1,24,3,0,0
"2202",1,21,5,0,0
"2203",0,3,22,1,0
"2204",11,9,0,0,0
"2205",3,27,0,1,0
"2206",2,19,3,0,0
"2207",27,3,0,0,0
"2208",24,3,1,1,0
"2209",0,2,5,10,0
"2210",28,2,1,1,0
"2211",4,27,1,0,0
"2212",3,14,4,0,0
"2213",27,4,0,2,0
"2214",3,25,0,1,0
"2215",4,23,0,0,0
"2216",1,0,2,15,0
"2217",21,8,0,0,0
"2218",1,23,5,1,0
"2219",16,6,2,0,0
"2220",7,16,2,5,0
"2221",29,0,3,1,0
"2222",7,0,11,3,0
"2223",0,0,4,20,2
"2224",21,7,2,0,0
"2225",0,3,0,0,0
"2226",22,3,0,2,0
"2227",2,22,3,1,0
"2228",0,0,7,16,0
"2229",22,2,1,2,0
"2230",0,29,1,0,0
"2231",1,27,0,0,0
"2232",20,8,0,0,0
"2233",0,5,16,3,0
"2234",24,2,4,2,0
"2235",1,22,4,0,0
"2236",0,23,6,0,0
"2237",0,20,5,1,0
"2238",0,27,2,0,0
"2239",6,14,2,1,0
"2240",24,0,3,0,0
"2241",24,3,3,0,0
"2242",0,3,0,14,2
"2243",7,24,1,2,0
"2244",0,23,1,2,0
"2245",0,2,20,0,0
"2246",0,1,12,5,1
"2247",2,26,3,0,0
"2248",3,22,4,0,0
"2249",16,7,2,0,0
"2250",0,32,0,0,0
"2251",21,1,1,0,0
"2252",19,3,0,1,0
"2253",1,23,4,2,0
"2254",1,24,1,0,0
"2255",2,3,23,0,0
"2256",0,3,14,3,0
"2257",6,15,4,0,0
"2258",7,18,2,0,0
"2259",18,3,4,0,0
"2260",1,21,2,0,0
"2261",18,0,3,1,0
"2262",1,20,2,2,0
"2263",3,28,0,3,0
"2264",15,2,3,0,0
"2265",22,3,2,4,0
"2266",19,0,2,1,0
"2267",0,24,0,3,2
"2268",12,6,3,0,0
"2269",0,4,0,14,1
"2270",25,0,0,0,0
"2271",1,23,4,0,0
"2272",0,13,4,5,0
"2273",0,25,0,3,0
"2274",2,26,2,1,0
"2275",2,31,0,2,0
"2276",0,1,3,4,10
"2277",3,2,16,0,0
"2278",17,1,3,1,0
"2279",2,3,25,0,0
"2280",0,25,1,0,0
"2281",0,12,8,3,0
"2282",17,5,0,3,0
"2283",22,2,3,0,0
"2284",7,15,2,1,1
"2285",7,24,0,0,0
"2286",24,1,0,0,0
"2287",0,27,1,0,0
"2288",1,20,8,0,0
"2289",11,11,1,0,0
"2290",2,0,5,15,0
"2291",1,26,2,1,0
"2292",22,7,0,2,0
"2293",7,25,0,0,0
"2294",2,18,1,1,0
"2295",20,0,1,1,0
"2296",0,18,0,1,4
"2297",2,28,0,3,0
"2298",0,0,24,2,1
"2299",5,19,2,0,0
"2300",0,13,11,0,0
"2301",0,27,2,0,0
"2302",14,9,2,1,0
"2303",0,2,27,0,0
"2304",0,2,12,7,2
"2305",5,14,2,0,0
"2306",4,22,3,0,0
"2307",1,12,6,2,0
"2308",22,2,1,2,1
"2309",0,31,0,1,0
"2310",3,24,1,1,0
"2311",1,21,4,2,0
"2312",1,25,5,0,0
"2313",2,27,0,0,0
"2314",21,4,0,0,0
"2315",0,20,5,2,0
"2316",5,23,0,0,0
"2317",7,21,0,2,0
"2318",13,3,1,2,0
"2319",10,15,2,0,1
"2320",21,4,3,1,0
"2321",20,1,3,0,0
"2322",19,0,0,0,0
"2323",11,13,3,0,0
"2324",14,2,2,0,0
"2325",28,2,0,0,0
"2326",0,0,11,4,2
"2327",1,0,23,0,0
"2328",23,0,3,2,0
"2329",1,3,5,4,1
"2330",1,23,6,0,0
"2331",23,5,0,0,0
"2332",4,21,2,0,0
"2333",9,21,0,0,0
"2334",0,23,3,0,1
"2335",1,23,0,2,0
"2336",15,2,3,0,0
"2337",2,1,23,0,0
"2338",10,14,0,3,0
"2339",1,1,21,0,0
"2340",5,0,17,0,0
"2341",0,19,1,1,2
"2342",1,26,0,0,0
"2343",20,0,0,0,0
"2344",21,3,0,0,0
"2345",4,21,4,1,0
"2346",20,1,3,1,0
"2347",4,19,4,0,0
"2348",0,4,15,0,0
"2349",20,4,0,0,0
"2350",2,23,0,0,0
"2351",0,21,4,0,0
"2352",0,31,0,0,0
"2353",17,6,2,0,0
"2354",0,22,5,0,0
"2355",5,25,0,1,0
"2356",18,1,3,0,2
"2357",0,2,19,1,0
"2358",2,25,0,1,3
"2359",0,2,22,2,0
"2360",4,24,2,0,0
"2361",0,28,2,0,0
"2362",1,30,0,1,1
"2363",23,0,1,2,0
"2364",21,1,0,0,0
"2365",1,16,2,1,0
"2366",0,23,3,0,0
"2367",2,26,2,0,0
"2368",2,0,14,7,0
"2369",0,0,14,9,0
"2370",1,0,18,2,0
"2371",4,27,0,1,0
"2372",16,2,2,0,0
"2373",0,0,2,15,1
"2374",4,22,0,0,0
"2375",2,1,25,0,0
"2376",0,23,6,0,0
"2377",1,2,18,0,0
"2378",4,25,0,0,0
"2379",2,18,1,0,0
"2380",1,25,4,0,0
"2381",0,8,14,2,0
"2382",4,9,3,1,0
"2383",14,6,1,0,0
"2384",3,26,1,0,0
"2385",2,22,2,0,0
"2386",0,3,20,1,0
"2387",18,2,0,0,0
"2388",23,4,0,1,1
"2389",10,6,5,0,0
"2390",15,7,2,0,1
"2391",24,2,1,0,0
"2392",14,7,2,2,0
"2393",11,0,4,5,0
"2394",3,10,6,0,0
"2395",4,25,0,0,0
"2396",1,22,2,0,0
"2397",20,6,0,0,0
"2398",2,21,0,2,0
"2399",11,7,3,2,1
"2400",1,6,14,1,0
"2401",4,25,1,0,0
"2402",0,25,2,0,0
"2403",0,2,24,1,0
"2404",12,17,0,0,0
"2405",4,28,2,0,0
"2406",0,3,18,0,0
"2407",20,3,2,0,0
"2408",19,2,0,0,0
"2409",20,2,0,0,0
"2410",0,26,0,4,0
"2411",1,1,20,2,0
"2412",1,26,2,2,0
"2413",0,3,16,3,0
"2414",2,23,0,0,0
"2415",3,21,4,0,0
"2416",20,3,0,3,0
"2417",22,1,2,0,0
"2418",1,4,20,0,0
"2419",23,3,0,0,0
"2420",1,25,2,0,0
"2421",6,15,4,0,0
"2422",0,4,21,0,0
"2423",0,22,2,0,0
"2424",11,7,5,0,0
"2425",0,1,1,1,8
"2426",0,7,18,2,0
"2427",3,4,10,2,0
"2428",0,26,2,0,0
"2429",20,0,4,0,0
"2430",0,2,22,2,0
"2431",1,5,18,0,0
"2432",2,28,1,0,0
"2433",0,24,3,0,0
"2434",21,1,3,0,0
"2435",1,31,0,3,0
"2436",0,27,2,0,1
"2437",0,22,4,0,0
"2438",5,23,0,0,0
"2439",10,12,2,0,0
"2440",1,0,27,0,0
"2441",2,14,1,0,0
"2442",1,18,8,0,0
"2443",0,24,2,0,0
"2444",1,23,2,0,0
"2445",20,4,0,0,1
"2446",19,2,1,1,0
"2447",21,0,2,0,0
"2448",19,1,0,0,0
"2449",21,2,4,0,0
"2450",0,1,27,2,1
"2451",17,6,3,0,0
"2452",4,18,3,2,1
"2453",22,0,1,0,0
"2454",25,3,1,0,0
"2455",0,24,2,1,0
"2456",4,29,2,0,0
"2457",1,29,1,0,0
"2458",23,3,2,0,0
"2459",2,2,22,0,0
"2460",1,2,0,9,2
"2461",1,0,27,0,0
"2462",4,26,1,1,0
"2463",22,2,3,0,0
"2464",3,26,0,0,0
"2465",0,26,3,0,1
"2466",0,2,19,4,0
"2467",19,3,0,3,0
"2468",1,13,3,4,0
"2469",6,12,1,0,0
"2470",20,1,0,0,0
"2471",0,3,18,6,0
"2472",3,11,7,2,0
"2473",3,29,0,0,0
"2474",21,1,2,0,0
"2475",2,24,0,0,0
"2476",1,27,3,0,0
"2477",23,1,2,0,0
"2478",5,21,0,0,0
"2479",1,28,0,0,0
"2480",3,33,0,0,0
"2481",0,23,2,0,1
"2482",1,0,25,0,0
"2483",3,0,21,0,0
"2484",24,0,2,0,0
"2485",0,29,1,0,0
"2486",0,31,2,1,0
"2487",0,24,2,0,0
"2488",0,30,3,0,0
"2489",0,3,22,0,0
"2490",24,6,0,0,0
"2491",0,18,2,3,1
"2492",15,7,3,0,0
"2493",3,19,3,0,0
"2494",20,2,1,0,0
"2495",0,16,4,2,0
"2496",1,26,0,1,1
"2497",3,6,12,0,0
"2498",0,28,1,0,0
"2499",21,3,0,2,0
"2500",1,20,2,1,0
"2501",2,28,0,3,0
"2502",2,22,3,0,0
"2503",15,20,0,0,0
"2504",4,21,0,1,0
"2505",1,27,0,2,0
"2506",3,20,1,0,0
"2507",4,21,1,0,0
"2508",21,3,3,0,0
"2509",1,1,1,12,0
"2510",0,0,24,0,0
"2511",0,1,19,2,1
"2512",2,27,2,1,0
"2513",2,29,3,1,0
"2514",0,8,17,1,0
"2515",3,23,3,1,0
"2516",0,27,0,2,0
"2517",7,16,3,0,0
"2518",20,5,2,0,0
"2519",0,4,20,2,0
"2520",0,27,2,0,0
"2521",27,0,1,0,0
"2522",1,22,2,2,0
"2523",0,0,2,19,0
"2524",21,0,1,0,0
"2525",13,17,0,0,0
"2526",21,4,3,0,0
"2527",0,1,24,3,0
"2528",3,22,3,2,0
"2529",10,17,0,1,0
"2530",5,2,17,1,0
"2531",18,0,2,0,0
"2532",1,30,0,1,0
"2533",0,7,6,1,3
"2534",5,19,1,0,0
"2535",16,10,2,0,0
"2536",0,0,6,4,4
"2537",19,3,0,0,0
"2538",1,20,4,2,0
"2539",1,0,15,4,1
"2540",21,2,1,0,0
"2541",4,25,0,0,0
"2542",1,27,2,2,0
"2543",0,29,3,0,0
"2544",23,3,0,0,0
"2545",7,19,6,0,0
"2546",1,3,14,1,0
"2547",7,0,11,1,0
"2548",21,2,0,0,0
"2549",1,20,4,2,0
"2550",0,2,14,3,0
"2551",20,2,1,0,0
"2552",5,20,2,0,0
"2553",1,24,2,0,0
"2554",0,27,2,0,0
"2555",2,23,3,0,0
"2556",5,15,4,0,0
"2557",26,1,0,0,0
"2558",20,1,1,0,0
"2559",1,30,0,1,0
"2560",12,9,5,0,0
"2561",12,8,1,2,1
"2562",3,19,0,0,0
"2563",2,21,2,0,0
"2564",3,23,0,1,0
"2565",4,21,2,1,0
"2566",1,26,5,0,0
"2567",1,30,0,0,0
"2568",3,23,0,1,0
"2569",0,15,3,3,2
"2570",1,24,1,0,0
"2571",12,9,0,2,0
"2572",4,21,3,0,0
"2573",1,22,5,1,0
"2574",2,26,0,1,0
"2575",4,29,3,0,0
"2576",2,26,1,1,0
"2577",0,28,1,0,0
"2578",0,1,19,1,2
"2579",19,0,3,0,0
"2580",1,32,0,0,0
"2581",1,0,2,10,2
"2582",2,20,4,0,0
"2583",10,11,2,0,0
"2584",21,5,5,0,0
"2585",21,3,0,0,0
"2586",1,2,18,0,0
"2587",0,1,18,1,0
"2588",2,23,1,2,0
"2589",1,24,3,0,0
"2590",21,1,1,1,0
"2591",1,3,16,0,0
"2592",14,4,3,2,0
"2593",6,21,3,0,0
"2594",4,1,22,1,0
"2595",4,17,5,2,2
"2596",1,24,2,0,0
"2597",24,3,1,2,0
"2598",13,3,2,0,0
"2599",0,1,7,10,2
"2600",0,1,24,1,0
"2601",2,31,2,0,0
"2602",2,24,2,2,0
"2603",1,29,1,0,0
"2604",1,23,1,1,0
"2605",22,0,0,0,2
"2606",0,28,1,0,0
"2607",0,2,12,2,0
"2608",1,10,2,2,2
"2609",3,25,4,0,0
"2610",22,2,0,1,0
"2611",24,0,0,0,0
"2612",3,19,1,2,2
"2613",17,3,0,1,0
"2614",24,4,0,0,0
"2615",1,0,3,15,0
"2616",1,7,18,0,0
"2617",1,18,8,0,0
"2618",0,2,0,0,0
"2619",3,26,0,1,0
"2620",1,14,8,1,1
"2621",2,3,10,4,0
"2622",0,4,23,0,0
"2623",0,28,1,1,0
"2624",5,2,13,2,0
"2625",0,14,7,3,0
"2626",1,13,6,0,0
"2627",0,1,1,14,0
"2628",0,5,17,1,0
"2629",22,3,0,0,0
"2630",2,30,0,0,0
"2631",6,20,3,0,0
"2632",4,6,15,0,0
"2633",11,11,3,0,0
"2634",0,12,0,9,0
"2635",1,2,19,0,0
"2636",0,19,3,3,0
"2637",24,0,1,0,0
"2638",26,0,0,0,0
"2639",20,0,3,0,0
"2640",23,1,0,0,0
"2641",17,4,0,0,0
"2642",0,0,24,3,1
"2643",27,1,0,0,0
"2644",18,1,1,0,0
"2645",16,0,1,0,0
"2646",0,1,24,2,0
"2647",21,6,3,0,0
"2648",0,13,10,3,0
"2649",20,1,1,0,0
"2650",0,25,0,0,0
"2651",21,2,0,2,0
"2652",1,26,0,0,0
"2653",5,24,2,0,0
"2654",9,13,1,0,0
"2655",1,22,0,1,0
"2656",0,1,11,8,0
"2657",1,0,21,4,0
"2658",0,19,4,1,1
"2659",25,0,2,0,0
"2660",25,0,6,0,0
"2661",0,20,2,3,0
"2662",1,0,21,0,1
"2663",1,1,19,1,0
"2664",4,25,1,0,0
"2665",2,0,3,7,5
"2666",0,1,0,18,2
"2667",4,23,0,3,0
"2668",3,30,3,0,0
"2669",0,0,1,10,0
"2670",3,30,2,0,0
"2671",4,20,1,2,0
"2672",0,32,1,0,0
"2673",3,28,0,1,0
"2674",22,2,1,0,0
"2675",0,22,4,0,0
"2676",14,2,2,1,0
"2677",0,0,4,16,0
"2678",18,2,3,1,0
"2679",0,24,0,0,0
"2680",14,0,5,2,0
"2681",0,2,2,20,0
"2682",22,1,0,0,0
"2683",20,1,2,0,0
"2684",18,5,3,0,0
"2685",3,26,1,0,0
"2686",5,23,3,1,0
"2687",2,12,11,1,0
"2688",2,0,23,1,0
"2689",1,22,4,0,0
"2690",2,20,0,1,0
"2691",4,15,0,1,0
"2692",1,27,0,2,0
"2693",0,0,2,23,1
"2694",9,21,0,0,0
"2695",2,3,23,0,0
"2696",0,30,0,0,0
"2697",15,4,0,2,0
"2698",4,24,0,0,0
"2699",24,0,2,0,0
"2700",0,26,4,0,0
"2701",1,27,2,0,0
"2702",20,6,2,0,0
"2703",0,27,3,1,0
"2704",1,3,21,5,0
"2705",1,26,2,0,0
"2706",5,19,4,0,0
"2707",2,25,1,1,0
"2708",20,0,2,2,0
"2709",5,21,4,2,0
"2710",23,3,0,0,0
"2711",1,25,2,0,0
"2712",0,17,5,1,0
"2713",26,2,3,2,0
"2714",1,20,4,0,0
"2715",0,1,19,1,0
"2716",0,27,2,0,0
"2717",0,23,2,1,0
"2718",1,21,3,1,0
"2719",4,24,2,0,0
"2720",0,25,1,0,0
"2721",1,26,1,0,0
"2722",23,3,1,1,0
"2723",0,15,0,5,2
"2724",1,14,8,0,1
"2725",17,0,3,2,0
"2726",19,5,0,0,0
"2727",1,25,2,0,0
"2728",1,21,2,3,0
"2729",21,2,0,0,0
"2730",0,21,3,0,0
"2731",26,3,3,0,0
"2732",1,21,5,2,0
"2733",0,1,15,3,0
"2734",5,24,1,0,0
"2735",9,10,2,0,0
"2736",2,6,9,0,0
"2737",10,12,5,2,0
"2738",4,26,0,0,0
"2739",0,26,2,0,1
"2740",4,26,0,2,0
"2741",1,1,17,5,0
"2742",22,5,0,0,0
"2743",1,1,20,1,1
"2744",2,28,2,0,0
"2745",7,13,7,0,0
"2746",4,25,2,0,0
"2747",23,2,2,0,0
"2748",6,17,0,0,0
"2749",1,0,12,5,0
"2750",4,3,16,0,0
"2751",1,25,2,0,0
"2752",0,22,3,0,0
"2753",24,0,1,0,0
"2754",10,9,0,2,0
"2755",1,4,4,13,0
"2756",0,4,7,9,0
"2757",24,0,2,0,0
"2758",14,3,4,0,0
"2759",16,4,0,0,0
"2760",1,25,1,0,0
"2761",1,20,4,0,0
"2762",10,6,2,1,0
"2763",0,5,4,6,2
"2764",0,0,26,0,0
"2765",24,3,1,0,0
"2766",3,7,9,0,0
"2767",0,15,5,2,0
"2768",24,2,3,0,0
"2769",0,27,2,0,0
"2770",1,0,16,7,0
"2771",1,26,3,0,0
"2772",9,7,5,0,0
"2773",9,16,0,1,0
"2774",1,18,2,4,0
"2775",1,16,3,2,0
"2776",0,5,6,6,0
"2777",9,11,2,0,0
"2778",3,26,2,0,0
"2779",0,31,1,0,0
"2780",1,23,6,0,0
"2781",16,10,0,0,0
"2782",4,23,0,3,0
"2783",5,12,7,0,0
"2784",21,0,0,1,0
"2785",2,19,4,0,0
"2786",1,26,1,1,0
"2787",21,1,1,0,0
"2788",1,23,2,0,0
"2789",2,30,0,0,0
"2790",24,0,0,0,0
"2791",21,1,2,0,0
"2792",3,20,2,0,0
"2793",0,3,4,8,2
"2794",12,12,0,0,0
"2795",20,1,1,0,0
"2796",7,20,2,0,0
"2797",19,3,1,0,0
"2798",21,2,0,3,2
"2799",3,30,1,0,0
"2800",0,0,28,1,0
"2801",10,11,6,0,0
"2802",1,20,2,2,1
"2803",11,2,7,1,0
"2804",1,2,20,0,0
"2805",3,8,13,3,2
"2806",1,0,20,3,0
"2807",2,23,2,1,0
"2808",0,0,18,4,2
"2809",2,1,20,0,0
"2810",9,16,0,1,0
"2811",18,0,1,1,0
"2812",1,0,14,11,0
"2813",13,8,4,0,0
"2814",9,12,2,2,0
"2815",0,31,1,2,0
"2816",21,0,6,0,0
"2817",24,1,0,0,2
"2818",0,26,6,0,0
"2819",4,19,1,1,0
"2820",2,21,1,1,0
"2821",10,15,4,0,0
"2822",0,0,2,16,0
"2823",2,28,0,3,0
"2824",0,2,24,2,1
"2825",15,2,3,1,0
"2826",3,1,20,0,0
"2827",8,16,2,0,0
"2828",21,3,4,0,0
"2829",2,3,8,4,0
"2830",16,0,4,0,0
"2831",9,6,3,1,0
"2832",14,9,0,0,0
"2833",1,0,22,0,0
"2834",1,24,2,2,0
"2835",2,22,2,2,0
"2836",25,2,3,2,0
"2837",3,29,0,0,0
"2838",4,25,1,0,0
"2839",0,2,23,1,0
"2840",0,0,24,1,0
"2841",24,3,0,0,0
"2842",0,3,2,18,1
"2843",20,2,0,2,0
"2844",1,1,20,0,0
"2845",0,27,3,0,0
"2846",1,1,25,1,0
"2847",5,19,4,0,0
"2848",0,4,18,0,0
"2849",2,19,3,1,1
"2850",1,8,13,2,0
"2851",1,28,2,0,0
"2852",0,2,22,1,0
"2853",21,5,0,0,0
"2854",1,21,2,0,0
"2855",0,24,1,0,1
"2856",0,10,3,1,2
"2857",1,22,3,0,3
"2858",20,2,1,3,0
"2859",19,1,0,0,0
"2860",0,23,2,1,0
"2861",2,25,0,1,0
"2862",24,0,5,0,0
"2863",1,27,0,0,0
"2864",12,3,10,0,0
"2865",0,11,12,2,1
"2866",2,14,9,1,0
"2867",0,31,3,1,1
"2868",2,15,2,0,1
"2869",13,8,2,3,0
"2870",4,0,19,0,0
"2871",0,28,1,1,1
"2872",1,9,11,0,0
"2873",4,11,6,2,0
"2874",1,29,0,2,0
"2875",0,27,2,4,0
"2876",27,1,2,0,0
"2877",0,2,18,0,0
"2878",29,2,2,0,0
"2879",20,2,1,1,0
"2880",3,19,3,0,0
"2881",2,23,3,0,0
"2882",7,21,1,0,0
"2883",0,2,18,0,0
"2884",0,24,0,2,0
"2885",0,18,5,2,1
"2886",1,23,0,2,0
"2887",4,21,1,0,0
"2888",1,18,4,0,0
"2889",25,5,0,0,0
"2890",25,0,1,0,0
"2891",11,20,2,0,0
"2892",1,29,0,2,0
"2893",0,4,21,0,0
"2894",5,25,2,0,0
"2895",7,14,0,0,0
"2896",3,31,0,0,0
"2897",20,4,0,0,0
"2898",1,27,2,0,0
"2899",0,1,19,3,1
"2900",17,5,0,0,0
"2901",0,22,1,0,0
"2902",1,22,0,1,0
"2903",0,1,20,2,1
"2904",10,13,3,3,0
"2905",1,4,17,0,0
"2906",22,1,2,0,0
"2907",19,3,4,1,0
"2908",0,28,0,0,0
"2909",1,26,2,2,2
"2910",10,14,1,0,0
"2911",2,24,2,2,0
"2912",16,5,5,0,0
"2913",18,3,3,2,0
"2914",3,28,0,1,0
"2915",1,23,6,0,0
"2916",1,18,8,1,0
"2917",4,19,3,3,0
"2918",0,24,4,0,0
"2919",1,1,18,0,0
"2920",1,10,10,0,0
"2921",23,2,2,0,0
"2922",2,27,1,2,0
"2923",1,22,0,0,0
"2924",0,29,3,0,0
"2925",21,0,0,1,0
"2926",1,25,5,0,0
"2927",1,1,24,3,0
"2928",3,1,9,6,0
"2929",0,26,4,0,0
"2930",1,26,5,3,0
"2931",0,0,4,19,0
"2932",2,23,0,1,0
"2933",0,14,9,0,1
"2934",3,17,3,0,0
"2935",1,0,24,2,0
"2936",2,0,2,12,2
"2937",22,5,0,0,0
"2938",30,2,0,0,0
"2939",19,5,0,3,0
"2940",0,5,18,0,1
"2941",0,29,2,0,0
"2942",4,16,4,0,0
"2943",1,0,1,17,1
"2944",0,1,15,2,1
"2945",1,24,1,0,0
"2946",26,2,0,1,0
"2947",23,2,2,1,0
"2948",0,21,2,0,0
"2949",5,1,17,0,1
"2950",3,23,0,2,0
"2951",21,1,3,0,0
"2952",0,25,3,0,0
"2953",1,22,4,3,0
"2954",2,27,2,1,0
"2955",19,4,0,0,0
"2956",21,2,3,0,0
"2957",1,22,1,0,1
"2958",2,31,0,0,0
"2959",0,1,15,7,0
"2960",1,5,18,0,0
"2961",2,25,0,0,0
"2962",20,2,3,0,0
"2963",1,3,16,2,0
"2964",1,22,0,2,0
"2965",0,26,3,0,1
"2966",2,3,1,18,0
"2967",0,27,3,1,0
"2968",9,11,5,0,0
"2969",3,1,20,0,0
"2970",11,4,5,0,0
"2971",3,20,3,1,0
"2972",26,2,0,3,0
"2973",11,1,2,2,0
"2974",0,1,20,1,0
"2975",1,24,0,1,0
"2976",2,27,0,1,0
"2977",0,3,14,4,1
"2978",21,1,2,0,0
"2979",0,25,0,0,0
"2980",4,23,1,0,0
"2981",0,29,1,1,0
"2982",0,28,5,0,0
"2983",1,28,3,1,0
"2984",6,18,3,0,0
"2985",25,0,0,2,1
"2986",1,17,5,0,1
"2987",20,2,0,1,0
"2988",0,24,3,1,0
"2989",2,20,1,1,0
"2990",0,12,9,0,1
"2991",14,6,3,2,0
"2992",0,0,5,15,2
"2993",1,25,2,1,0
"2994",20,2,1,0,1
"2995",9,9,3,0,0
"2996",1,30,3,0,0
"2997",0,18,4,2,1
"2998",0,2,20,2,0
"2999",25,0,0,0,0
"3000",3,25,3,0,1
"3001",0,1,26,1,0
"3002",0,2,22,0,0
"3003",10,14,4,0,0
"3004",18,0,1,0,0
"3005",0,25,5,0,0
"3006",23,2,0,0,0
"3007",0,4,17,1,0
"3008",0,20,4,2,0
"3009",21,0,2,1,1
"3010",0,21,3,2,0
"3011",26,0,1,0,0
"3012",0,1,17,1,4
"3013",2,24,2,2,0
"3014",5,23,0,0,0
"3015",20,0,7,0,0
"3016",4,28,0,0,0
"3017",1,26,3,0,0
"3018",1,29,2,0,0
"3019",21,3,2,3,0
"3020",4,20,3,1,0
"3021",0,0,3,5,5
"3022",0,12,10,0,0
"3023",0,12,2,3,3
"3024",3,32,0,0,0
"3025",1,2,21,0,0
"3026",0,18,3,1,0
"3027",1,28,3,0,0
"3028",17,3,2,1,0
"3029",19,2,5,0,0
"3030",5,21,0,0,0
"3031",0,26,4,0,0
"3032",2,2,6,8,0
"3033",2,27,1,0,0
"3034",23,5,1,0,0
"3035",11,12,1,1,0
"3036",5,26,0,0,0
"3037",0,0,21,3,0
"3038",0,23,3,0,0
"3039",0,19,3,4,0
"3040",4,23,3,0,0
"3041",0,31,1,1,0
"3042",0,1,2,17,0
"3043",16,1,0,0,0
"3044",0,21,0,1,0
"3045",1,24,2,0,0
"3046",21,2,1,0,0
"3047",0,1,16,4,0
"3048",6,23,0,0,0
"3049",22,6,0,0,0
"3050",2,2,20,0,0
"3051",0,24,2,0,0
"3052",0,1,18,4,1
"3053",23,1,1,0,0
"3054",4,0,21,0,3
"3055",0,2,27,0,1
"3056",4,22,2,0,0
"3057",2,4,19,0,0
"3058",19,1,1,0,0
"3059",5,18,2,3,0
"3060",7,15,3,3,0
"3061",19,3,1,0,0
"3062",22,0,3,3,0
"3063",0,32,1,0,0
"3064",25,2,3,1,0
"3065",1,1,11,7,0
"3066",27,4,2,0,0
"3067",12,6,4,0,3
"3068",3,22,3,1,0
"3069",1,24,1,0,0
"3070",4,26,2,0,0
"3071",1,1,11,4,0
"3072",1,23,5,1,0
"3073",1,2,5,13,0
"3074",8,0,9,1,0
"3075",17,4,0,0,0
"3076",1,0,28,0,0
"3077",1,16,5,1,0
"3078",0,7,10,3,0
"3079",19,4,3,0,0
"3080",7,16,1,2,0
"3081",3,28,0,0,0
"3082",2,15,4,0,0
"3083",14,8,1,0,0
"3084",14,10,0,2,0
"3085",1,26,3,0,0
"3086",11,6,3,2,0
"3087",0,5,11,1,2
"3088",2,26,1,0,0
"3089",23,0,1,1,0
"3090",11,8,2,0,0
"3091",1,1,11,8,0
"3092",0,3,19,0,0
"3093",22,2,1,0,0
"3094",0,22,4,0,0
"3095",0,28,3,2,0
"3096",0,1,27,3,0
"3097",0,1,18,3,0
"3098",1,27,4,1,0
"3099",0,25,0,3,0
"3100",3,17,1,1,0
"3101",0,30,1,0,0
"3102",0,30,2,2,0
"3103",0,0,9,4,0
"3104",0,0,13,4,0
"3105",2,12,9,0,0
"3106",1,27,0,0,0
"3107",5,19,3,0,0
"3108",1,1,16,0,0
"3109",0,19,5,1,0
"3110",6,20,1,0,0
"3111",3,14,2,1,0
"3112",4,3,16,0,0
"3113",0,0,27,0,0
"3114",8,12,1,1,0
"3115",1,27,4,0,0
"3116",6,21,1,0,0
"3117",2,19,6,0,0
"3118",25,0,0,0,0
"3119",0,25,2,2,0
"3120",0,27,2,0,0
"3121",0,0,20,2,1
"3122",0,27,1,0,0
"3123",0,19,4,1,0
"3124",24,5,2,0,0
"3125",2,28,1,0,0
"3126",10,20,0,0,0
"3127",19,0,7,0,0
"3128",14,12,1,0,0
"3129",3,26,2,0,0
"3130",4,24,0,3,0
"3131",1,1,15,5,0
"3132",6,18,0,0,0
"3133",1,20,0,0,0
"3134",14,10,1,0,0
"3135",21,2,0,0,0
"3136",20,0,4,0,0
"3137",4,25,3,0,0
"3138",3,27,1,0,0
"3139",2,28,2,0,0
"3140",26,2,1,0,0
"3141",10,3,4,0,1
"3142",1,29,0,1,0
"3143",18,3,2,0,0
"3144",0,11,9,1,0
"3145",23,5,1,0,0
"3146",24,2,3,0,0
"3147",22,3,0,0,0
"3148",1,5,15,3,0
"3149",2,25,1,2,0
"3150",26,0,0,2,0
"3151",0,27,2,0,0
"3152",1,31,1,0,0
"3153",4,26,2,0,0
"3154",28,0,2,0,0
"3155",1,25,0,2,0
"3156",2,25,3,0,0
"3157",19,3,3,2,0
"3158",27,2,6,0,0
"3159",21,5,1,0,0
"3160",2,18,2,1,0
"3161",5,21,0,1,0
"3162",0,0,25,0,2
"3163",13,7,3,0,0
"3164",1,25,4,1,0
"3165",6,19,1,0,0
"3166",16,2,2,0,0
"3167",11,12,2,0,0
"3168",20,2,3,1,0
"3169",25,0,0,2,2
"3170",1,20,1,6,0
"3171",4,1,14,0,0
"3172",16,4,2,0,0
"3173",0,27,1,1,0
"3174",0,25,3,3,0
"3175",1,21,4,1,0
"3176",2,29,1,1,0
"3177",2,24,1,0,0
"3178",9,13,5,0,2
"3179",17,9,0,0,0
"3180",6,16,1,0,0
"3181",23,7,0,0,0
"3182",1,23,5,0,1
"3183",0,13,9,0,2
"3184",4,25,4,0,0
"3185",0,18,10,0,0
"3186",2,3,13,0,0
"3187",14,1,2,2,0
"3188",19,2,0,1,0
"3189",3,25,1,0,0
"3190",0,30,2,0,0
"3191",3,22,1,1,0
"3192",18,6,5,0,0
"3193",0,17,3,0,0
"3194",17,2,2,0,0
"3195",2,29,3,1,0
"3196",15,11,0,1,0
"3197",4,28,1,0,0
"3198",4,2,19,0,0
"3199",13,4,1,0,0
"3200",0,26,0,0,0
"3201",21,0,2,0,0
"3202",1,22,4,1,0
"3203",1,30,6,0,0
"3204",12,9,0,2,0
"3205",1,12,8,4,0
"3206",3,28,1,0,0
"3207",0,30,0,0,0
"3208",12,3,3,2,0
"3209",0,9,7,4,0
"3210",3,25,0,2,0
"3211",4,18,2,0,0
"3212",0,0,22,4,0
"3213",0,17,4,1,1
"3214",1,9,9,0,2
"3215",26,2,0,0,0
"3216",20,0,0,2,0
"3217",0,26,2,0,0
"3218",22,3,8,0,0
"3219",1,0,13,6,0
"3220",26,3,4,0,0
"3221",4,11,2,3,1
"3222",1,4,19,2,0
"3223",0,22,1,0,0
"3224",2,25,2,0,0
"3225",2,24,0,3,0
"3226",2,23,0,3,0
"3227",8,13,3,0,0
"3228",0,26,2,0,0
"3229",22,1,2,0,0
"3230",22,2,0,0,0
"3231",1,1,14,1,0
"3232",2,22,6,0,0
"3233",0,3,20,0,1
"3234",4,23,1,2,0
"3235",14,9,0,0,0
"3236",1,23,3,1,0
"3237",3,11,6,0,0
"3238",3,16,7,0,0
"3239",29,2,2,0,0
"3240",4,14,2,3,0
"3241",17,2,5,0,0
"3242",0,3,1,7,1
"3243",0,30,0,1,0
"3244",12,8,3,2,0
"3245",10,10,5,0,0
"3246",7,16,0,1,0
"3247",1,22,5,3,2
"3248",0,23,5,0,0
"3249",0,0,0,12,1
"3250",5,6,10,0,0
"3251",1,2,21,0,0
"3252",4,16,5,0,0
"3253",0,28,2,0,0
"3254",3,0,20,0,0
"3255",1,0,23,2,0
"3256",0,28,0,0,0
"3257",17,3,0,0,0
"3258",1,29,2,0,0
"3259",0,30,2,3,0
"3260",5,22,1,0,0
"3261",0,1,3,12,0
"3262",16,5,5,0,0
"3263",0,19,7,1,0
"3264",5,19,0,0,0
"3265",3,20,1,0,0
"3266",1,0,4,16,0
"3267",7,4,3,2,0
"3268",17,2,1,0,0
"3269",7,23,0,0,0
"3270",19,0,1,0,0
"3271",22,2,2,1,2
"3272",5,22,1,0,0
"3273",2,1,22,0,0
"3274",5,25,0,0,0
"3275",4,19,1,0,0
"3276",4,1,13,2,0
"3277",0,25,1,2,0
"3278",4,25,2,0,0
"3279",25,1,1,0,0
"3280",1,28,1,0,0
"3281",0,29,3,0,0
"3282",9,19,0,0,0
"3283",0,30,0,0,0
"3284",1,6,21,0,0
"3285",0,4,19,0,0
"3286",18,4,0,0,0
"3287",1,22,6,1,0
"3288",0,24,2,1,0
"3289",19,3,1,0,0
"3290",8,11,1,1,0
"3291",4,1,14,0,0
"3292",1,1,22,1,0
"3293",21,4,2,0,0
"3294",1,19,6,0,0
"3295",20,5,0,0,0
"3296",4,21,2,0,0
"3297",0,27,0,0,0
"3298",2,24,1,2,0
"3299",22,4,1,0,0
"3300",4,25,4,0,0
"3301",1,27,4,0,0
"3302",10,14,4,1,0
"3303",1,21,2,3,0
"3304",3,23,3,1,0
"3305",0,0,24,1,1
"3306",0,1,22,0,0
"3307",6,7,5,0,0
"3308",11,9,3,0,0
"3309",1,24,4,1,0
"3310",0,0,0,13,3
"3311",2,20,1,0,0
"3312",18,4,0,0,0
"3313",16,12,0,0,0
"3314",0,27,2,0,0
"3315",22,5,0,0,0
"3316",19,2,1,2,1
"3317",1,25,2,2,0
"3318",1,0,2,13,1
"3319",21,0,4,0,0
"3320",19,5,1,0,0
"3321",0,20,5,2,0
"3322",18,5,1,0,0
"3323",13,3,0,1,0
"3324",7,6,5,1,1
"3325",6,21,0,0,0
"3326",1,0,24,0,0
"3327",5,13,2,0,0
"3328",4,21,2,1,0
"3329",0,23,3,3,0
"3330",21,2,3,1,0
"3331",21,0,4,0,0
"3332",26,3,1,3,0
"3333",23,0,0,3,0
"3334",1,0,16,3,0
"3335",1,25,1,0,0
"3336",21,0,2,1,0
"3337",9,12,5,1,0
"3338",18,2,1,0,0
"3339",17,5,0,1,0
"3340",6,16,0,0,0
"3341",1,9,6,1,0
"3342",1,24,3,1,0
"3343",2,18,1,0,0
"3344",13,14,3,0,0
"3345",0,5,15,2,0
"3346",16,2,2,0,0
"3347",24,1,0,0,0
"3348",3,23,1,1,0
"3349",4,17,3,0,0
"3350",25,2,1,0,0
"3351",1,1,17,1,0
"3352",0,29,3,0,0
"3353",23,0,2,3,0
"3354",3,26,2,1,0
"3355",24,5,0,0,0
"3356",0,1,19,4,0
"3357",0,27,0,0,0
"3358",1,26,5,0,0
"3359",0,8,10,2,0
"3360",1,0,9,2,3
"3361",21,6,0,0,0
"3362",2,16,1,0,0
"3363",1,24,0,0,0
"3364",16,3,0,0,0
"3365",1,25,4,2,0
"3366",0,0,3,9,1
"3367",21,8,3,0,0
"3368",0,9,12,1,1
"3369",0,1,25,3,0
"3370",24,4,0,0,0
"3371",0,29,1,0,0
"3372",0,5,17,0,0
"3373",0,28,3,0,0
"3374",0,0,0,3,10
"3375",0,3,13,1,0
"3376",21,4,0,0,0
"3377",1,3,24,0,0
"3378",0,17,8,0,0
"3379",23,3,2,0,0
"3380",2,4,14,1,2
"3381",23,4,2,0,0
"3382",0,1,26,1,0
"3383",1,27,3,0,0
"3384",0,23,4,2,0
"3385",2,24,0,0,0
"3386",1,3,10,1,2
"3387",22,0,1,0,0
"3388",3,1,19,0,0
"3389",22,5,0,0,0
"3390",1,24,3,2,0
"3391",3,27,0,0,0
"3392",24,2,0,0,0
"3393",22,1,1,0,0
"3394",18,1,2,0,0
"3395",0,21,2,3,0
"3396",0,1,10,5,0
"3397",2,22,0,1,0
"3398",0,0,14,4,2
"3399",2,2,8,6,0
"3400",1,4,20,0,0
"3401",1,26,4,1,0
"3402",0,25,6,0,0
"3403",0,26,1,2,0
"3404",0,3,18,1,0
"3405",13,15,0,0,0
"3406",2,20,0,1,0
"3407",1,31,0,0,0
"3408",21,6,0,0,0
"3409",2,18,4,1,0
"3410",1,2,18,3,0
"3411",0,1,23,1,0
"3412",27,2,2,0,0
"3413",19,0,3,0,0
"3414",0,0,22,2,0
"3415",0,24,4,0,0
"3416",1,17,4,2,0
"3417",17,0,2,5,1
"3418",7,17,0,0,0
"3419",16,6,1,0,0
"3420",26,0,0,0,0
"3421",1,2,2,18,0
"3422",21,2,6,0,0
"3423",1,0,12,3,2
"3424",22,4,0,2,0
"3425",0,26,0,2,0
"3426",0,4,26,0,0
"3427",1,22,2,1,0
"3428",21,2,0,0,0
"3429",23,2,4,0,0
"3430",3,26,0,0,0
"3431",14,7,6,0,0
"3432",22,2,3,0,0
"3433",1,24,1,1,0
"3434",3,22,2,0,0
"3435",0,5,23,0,0
"3436",3,4,20,0,0
"3437",1,3,18,1,0
"3438",17,7,1,0,0
"3439",18,0,6,0,0
"3440",12,13,3,0,0
"3441",23,0,2,0,0
"3442",24,2,1,2,0
"3443",2,26,2,0,0
"3444",8,19,1,0,0
"3445",0,4,19,3,0
"3446",0,25,2,2,0
"3447",1,22,1,2,0
"3448",1,4,7,6,0
"3449",6,4,13,0,0
"3450",3,23,2,0,0
"3451",23,3,1,2,0
"3452",1,29,2,0,0
"3453",24,2,2,1,0
"3454",3,21,3,0,0
"3455",1,23,4,1,0
"3456",3,23,3,0,0
"3457",4,12,7,0,0
"3458",11,12,2,0,0
"3459",5,28,0,0,0
"3460",2,21,4,1,0
"3461",17,3,0,1,0
"3462",17,0,3,0,0
"3463",15,2,0,0,0
"3464",14,1,7,1,0
"3465",1,22,1,0,0
"3466",16,0,5,0,0
"3467",12,8,2,0,0
"3468",5,24,2,0,0
"3469",2,21,4,0,0
"3470",4,21,2,0,0
"3471",11,9,2,1,0
"3472",1,26,2,0,0
"3473",29,3,0,0,0
"3474",0,4,17,0,0
"3475",24,0,4,1,0
"3476",1,23,3,1,0
"3477",1,0,5,5,7
"3478",2,5,15,0,0
"3479",1,4,19,0,0
"3480",0,5,21,0,0
"3481",6,8,3,2,0
"3482",4,29,0,0,0
"3483",1,28,2,0,0
"3484",4,4,13,2,0
"3485",9,16,1,0,0
"3486",1,2,21,0,0
"3487",0,3,3,18,0
"3488",2,26,0,0,0
"3489",4,14,2,0,0
"3490",1,1,7,10,0
"3491",0,1,4,6,4
"3492",0,17,5,1,0
"3493",13,1,1,2,0
"3494",0,8,5,6,0
"3495",2,25,2,1,0
"3496",1,2,21,2,0
"3497",0,24,2,2,0
"3498",21,1,0,0,0
"3499",0,21,1,1,0
"3500",2,25,1,2,0
"3501",3,29,1,0,0
"3502",4,1,17,1,0
"3503",0,27,5,0,0
"3504",0,5,22,0,0
"3505",2,11,6,0,0
"3506",0,28,5,1,0
"3507",14,7,0,2,0
"3508",29,2,0,0,0
"3509",6,20,7,0,0
"3510",0,1,20,2,1
"3511",4,21,0,1,0
"3512",0,28,1,1,0
"3513",25,1,1,0,0
"3514",2,30,0,0,0
"3515",21,2,2,1,0
"3516",10,12,3,3,0
"3517",2,27,0,0,0
"3518",5,24,0,0,0
"3519",1,4,2,12,0
"3520",20,3,6,0,0
"3521",21,0,3,2,0
"3522",24,0,2,2,1
"3523",0,2,18,2,0
"3524",2,31,0,1,0
"3525",1,4,20,0,0
"3526",4,22,4,0,2
"3527",21,4,3,1,0
"3528",14,7,2,1,0
"3529",1,25,0,1,0
"3530",1,27,1,0,0
"3531",2,1,18,5,0
"3532",2,28,0,2,0
"3533",18,2,0,1,0
"3534",7,15,3,0,0
"3535",21,4,1,0,0
"3536",1,22,6,1,0
"3537",20,3,0,0,0
"3538",10,17,3,0,0
"3539",1,25,2,3,0
"3540",3,20,3,0,0
"3541",7,15,1,3,0
"3542",4,19,2,1,0
"3543",14,3,0,0,0
"3544",1,24,6,0,0
"3545",2,19,2,0,0
"3546",2,23,2,0,0
"3547",1,24,8,0,2
"3548",2,20,4,1,0
"3549",23,0,7,0,1
"3550",28,1,0,0,0
"3551",4,1,12,2,0
"3552",0,29,3,0,0
"3553",20,2,1,0,0
"3554",0,0,20,2,0
"3555",0,1,4,12,1
"3556",22,3,4,0,1
"3557",0,25,0,1,0
"3558",1,25,0,0,0
"3559",15,1,2,0,0
"3560",11,5,1,1,0
"3561",5,16,0,4,1
"3562",0,5,15,4,1
"3563",4,22,1,1,0
"3564",20,6,1,3,0
"3565",6,6,7,0,0
"3566",4,26,0,0,0
"3567",1,0,17,3,1
"3568",1,4,19,0,0
"3569",19,3,0,0,0
"3570",1,2,12,5,1
"3571",1,25,0,3,0
"3572",21,5,0,2,0
"3573",1,20,6,0,1
"3574",0,19,3,2,0
"3575",9,21,2,0,0
"3576",0,12,6,2,1
"3577",0,29,1,0,0
"3578",4,1,16,0,0
"3579",20,4,1,0,0
"3580",1,23,3,2,0
"3581",0,28,4,1,0
"3582",21,0,1,0,0
"3583",3,1,19,0,0
"3584",11,10,2,0,0
"3585",0,3,23,1,0
"3586",0,0,1,12,1
"3587",22,2,2,0,0
"3588",7,8,9,1,1
"3589",21,2,3,0,0
"3590",18,3,0,0,0
"3591",8,15,1,3,0
"3592",1,15,8,0,0
"3593",23,6,0,0,0
"3594",0,0,17,0,2
"3595",15,2,2,3,0
"3596",0,27,2,1,0
"3597",3,25,0,0,0
"3598",24,1,1,0,0
"3599",0,26,1,2,0
"3600",2,24,1,2,0
"3601",0,2,24,0,0
"3602",20,0,1,0,0
"3603",3,10,8,2,0
"3604",1,1,20,0,0
"3605",12,6,5,0,0
"3606",1,16,2,1,0
"3607",0,25,3,0,0
"3608",0,26,2,2,0
"3609",1,23,0,0,0
"3610",1,19,3,1,2
"3611",2,3,18,0,0
"3612",1,26,3,0,0
"3613",4,19,2,3,0
"3614",16,5,2,0,0
"3615",1,24,3,0,0
"3616",24,3,0,0,0
"3617",2,26,3,0,0
"3618",0,0,1,14,3
"3619",2,27,1,2,0
"3620",15,7,1,0,0
"3621",0,4,14,0,0
"3622",0,0,24,1,0
"3623",0,25,3,0,0
"3624",0,2,5,9,0
"3625",1,22,2,0,0
"3626",1,25,1,2,0
"3627",2,24,0,1,1
"3628",13,10,6,0,0
"3629",2,7,12,0,0
"3630",1,26,0,1,0
"3631",4,21,3,3,1
"3632",12,14,1,0,0
"3633",20,9,1,2,0
"3634",17,3,2,0,0
"3635",24,6,0,0,0
"3636",4,20,1,0,0
"3637",3,9,7,1,0
"3638",1,18,2,0,0
"3639",2,20,0,0,0
"3640",1,20,3,2,0
"3641",7,15,0,1,0
"3642",0,5,16,3,0
"3643",0,27,1,0,0
"3644",1,26,1,1,0
"3645",0,1,15,4,0
"3646",0,1,17,0,0
"3647",3,21,4,0,0
"3648",1,26,7,0,0
"3649",21,6,3,0,0
"3650",1,24,2,1,0
"3651",10,18,2,0,0
"3652",16,6,0,0,0
"3653",0,1,7,16,0
"3654",25,4,1,2,0
"3655",1,3,15,1,0
"3656",15,2,0,0,1
"3657",1,20,2,2,0
"3658",21,1,0,3,0
"3659",19,1,4,0,0
"3660",21,1,2,0,0
"3661",3,24,2,0,0
"3662",0,12,12,1,0
"3663",5,21,0,0,0
"3664",0,12,1,3,1
"3665",0,0,21,1,1
"3666",0,24,4,0,0
"3667",3,2,21,1,0
"3668",5,8,1,3,0
"3669",4,12,2,0,0
"3670",1,23,3,0,0
"3671",3,27,1,0,0
"3672",23,3,1,0,0
"3673",8,19,0,0,0
"3674",0,22,9,0,0
"3675",2,21,2,0,0
"3676",0,24,4,0,0
"3677",20,2,3,0,0
"3678",3,25,0,0,0
"3679",1,19,3,1,0
"3680",22,3,0,0,0
"3681",18,1,2,1,0
"3682",4,18,4,0,0
"3683",18,3,1,0,0
"3684",20,4,0,0,0
"3685",2,30,0,1,0
"3686",0,23,1,1,0
"3687",0,30,1,1,0
"3688",1,19,2,2,0
"3689",2,20,3,1,0
"3690",2,22,1,1,0
"3691",0,0,7,6,4
"3692",25,3,0,0,0
"3693",8,16,2,0,0
"3694",20,3,1,0,0
"3695",3,24,2,0,0
"3696",0,0,2,1,11
"3697",16,2,0,0,0
"3698",1,26,0,0,0
"3699",3,3,19,0,0
"3700",6,15,2,0,0
"3701",0,28,5,0,0
"3702",2,31,0,0,0
"3703",0,26,0,0,0
"3704",24,3,0,0,0
"3705",4,26,3,0,0
"3706",21,2,3,0,0
"3707",1,14,5,0,1
"3708",19,3,0,0,0
"3709",12,3,3,0,0
"3710",9,16,0,0,0
"3711",0,31,3,0,0
"3712",2,28,1,1,0
"3713",1,23,2,1,0
"3714",10,11,3,0,0
"3715",10,14,2,2,0
"3716",3,20,1,0,0
"3717",11,7,2,3,0
"3718",19,3,3,0,0
"3719",19,1,3,0,0
"3720",23,0,7,0,0
"3721",0,1,0,13,0
"3722",15,2,1,0,0
"3723",0,28,2,1,0
"3724",24,1,1,0,0
"3725",2,11,11,1,0
"3726",20,0,2,0,0
"3727",1,23,5,0,0
"3728",0,28,5,0,0
"3729",1,24,2,0,0
"3730",12,9,0,0,0
"3731",3,25,1,0,0
"3732",9,16,6,0,0
"3733",1,22,4,1,0
"3734",1,22,3,0,0
"3735",18,7,1,0,0
"3736",1,26,2,0,0
"3737",19,0,0,1,0
"3738",10,13,1,2,0
"3739",15,10,0,0,0
"3740",24,8,0,2,0
"3741",1,29,2,0,0
"3742",1,4,21,1,0
"3743",0,27,1,2,0
"3744",20,0,2,2,1
"3745",0,14,6,2,0
"3746",18,4,1,0,0
"3747",19,1,0,1,0
"3748",0,24,3,0,0
"3749",0,28,1,2,0
"3750",1,24,3,0,0
"3751",18,0,8,0,0
"3752",17,3,0,0,0
"3753",0,27,3,0,1
"3754",7,17,3,0,0
"3755",0,24,2,2,0
"3756",1,23,0,2,0
"3757",5,19,3,0,0
"3758",3,7,9,0,0
"3759",20,3,1,0,0
"3760",18,7,3,0,0
"3761",18,4,0,0,0
"3762",10,19,3,0,0
"3763",2,12,1,2,1
"3764",12,7,3,2,0
"3765",22,0,5,0,0
"3766",2,24,0,0,0
"3767",0,2,3,16,0
"3768",15,5,5,0,0
"3769",27,0,0,0,0
"3770",18,3,0,0,0
"3771",0,1,13,4,0
"3772",0,0,24,4,0
"3773",0,4,23,0,0
"3774",1,0,20,4,0
"3775",0,1,28,1,1
"3776",0,15,0,2,1
"3777",23,4,0,0,0
"3778",1,23,7,0,0
"3779",22,2,1,0,0
"3780",7,19,0,1,0
"3781",19,3,2,1,2
"3782",12,14,2,0,0
"3783",14,11,0,2,0
"3784",1,3,16,1,0
"3785",2,21,1,0,0
"3786",0,21,1,4,0
"3787",16,0,3,0,0
"3788",19,2,3,0,0
"3789",21,0,3,0,0
"3790",13,8,2,4,0
"3791",3,22,0,2,0
"3792",5,26,1,0,0
"3793",1,2,4,10,0
"3794",10,9,5,0,0
"3795",0,22,5,0,0
"3796",0,29,3,3,0
"3797",0,1,27,0,1
"3798",0,24,3,2,0
"3799",0,30,2,1,0
"3800",18,0,0,1,0
"3801",21,5,1,0,0
"3802",3,23,0,1,0
"3803",7,10,4,1,0
"3804",9,17,4,0,0
"3805",17,0,2,2,0
"3806",19,2,1,0,0
"3807",8,15,0,2,0
"3808",4,25,3,0,0
"3809",13,17,1,0,0
"3810",3,6,12,0,0
"3811",15,5,1,0,0
"3812",0,1,13,7,0
"3813",25,3,1,0,0
"3814",2,23,0,0,0
"3815",1,22,0,0,0
"3816",1,23,3,3,0
"3817",0,22,1,1,0
"3818",0,24,2,0,0
"3819",1,23,1,0,0
"3820",17,3,6,0,0
"3821",17,2,3,3,0
"3822",0,3,12,3,0
"3823",0,1,21,3,0
"3824",1,28,0,0,0
"3825",4,0,14,1,0
"3826",3,24,3,1,0
"3827",0,30,1,0,0
"3828",25,1,0,0,0
"3829",18,2,2,0,0
"3830",4,18,2,0,0
"3831",23,3,0,0,0
"3832",0,24,5,0,0
"3833",18,0,6,0,0
"3834",1,25,2,3,0
"3835",6,20,0,0,0
"3836",4,20,2,1,0
"3837",0,24,2,0,0
"3838",26,7,0,0,0
"3839",1,25,5,0,1
"3840",1,1,17,1,1
"3841",16,0,0,2,0
"3842",1,25,0,1,0
"3843",23,1,4,0,0
"3844",0,4,26,0,0
"3845",1,2,20,6,0
"3846",10,14,3,0,0
"3847",3,17,4,1,0
"3848",0,12,9,0,0
"3849",0,7,15,0,0
"3850",16,4,2,2,1
"3851",0,0,9,9,1
"3852",1,22,1,4,0
"3853",24,2,1,1,0
"3854",0,1,10,12,0
"3855",2,24,4,0,0
"3856",1,24,2,0,0
"3857",0,26,5,1,0
"3858",0,21,8,0,0
"3859",0,1,21,2,1
"3860",20,4,1,0,0
"3861",22,7,0,1,0
"3862",4,19,4,0,0
"3863",23,0,4,0,0
"3864",2,14,5,1,0
"3865",0,16,7,1,0
"3866",20,3,2,0,0
"3867",2,25,2,0,0
"3868",0,24,4,0,1
"3869",0,27,3,0,0
"3870",0,21,2,1,0
"3871",3,2,18,1,0
"3872",25,1,2,0,0
"3873",3,18,2,2,0
"3874",18,7,2,0,0
"3875",0,8,17,0,0
"3876",2,22,2,0,0
"3877",0,2,18,2,0
"3878",2,6,19,0,0
"3879",1,0,23,2,0
"3880",1,0,9,7,3
"3881",20,0,2,3,0
"3882",1,1,24,1,0
"3883",4,14,3,1,0
"3884",0,29,1,0,0
"3885",4,3,13,0,0
"3886",0,26,2,1,0
"3887",2,27,0,0,0
"3888",2,18,1,1,0
"3889",14,0,3,0,0
"3890",14,10,1,2,0
"3891",1,25,0,0,0
"3892",0,3,9,6,0
"3893",23,1,0,4,0
"3894",2,3,10,3,0
"3895",1,3,21,0,0
"3896",0,3,17,1,0
"3897",2,27,1,0,1
"3898",3,28,0,1,0
"3899",0,24,3,0,0
"3900",1,33,0,0,0
"3901",0,3,6,11,0
"3902",4,19,0,2,1
"3903",1,31,0,1,0
"3904",0,32,0,0,0
"3905",0,21,4,2,1
"3906",1,24,1,1,0
"3907",4,21,2,0,0
"3908",17,1,0,1,0
"3909",1,6,18,1,0
"3910",20,0,4,2,0
"3911",7,18,0,3,0
"3912",24,1,2,0,0
"3913",0,19,1,1,1
"3914",0,25,3,0,1
"3915",3,21,3,0,0
"3916",2,28,1,0,0
"3917",20,1,1,0,0
"3918",1,32,0,0,0
"3919",2,29,0,0,0
"3920",1,28,2,0,0
"3921",1,27,0,1,0
"3922",0,22,4,1,0
"3923",10,21,0,0,0
"3924",15,1,4,0,0
"3925",3,23,1,0,0
"3926",0,23,2,1,0
"3927",9,14,3,3,0
"3928",3,25,1,0,0
"3929",1,23,0,0,0
"3930",19,0,2,0,0
"3931",17,4,0,1,0
"3932",1,20,4,2,0
"3933",0,0,1,19,0
"3934",1,12,11,1,0
"3935",0,19,5,2,0
"3936",0,28,1,1,0
"3937",16,4,0,0,0
"3938",2,27,0,1,0
"3939",0,24,4,0,0
"3940",17,1,0,0,0
"3941",1,22,7,0,0
"3942",1,3,10,5,0
"3943",16,3,1,0,0
"3944",7,14,4,0,0
"3945",1,13,3,4,1
"3946",2,5,13,0,0
"3947",24,0,0,0,0
"3948",0,1,23,0,0
"3949",20,3,5,0,0
"3950",18,8,2,0,0
"3951",22,0,5,0,1
"3952",7,21,0,2,0
"3953",5,11,5,0,0
"3954",1,15,1,3,0
"3955",0,27,2,0,0
"3956",2,0,21,0,0
"3957",18,5,0,0,0
"3958",0,27,1,1,0
"3959",16,6,1,0,0
"3960",13,5,1,0,0
"3961",22,1,2,2,0
"3962",6,0,16,1,1
"3963",20,2,0,0,0
"3964",0,11,11,0,0
"3965",0,0,24,2,0
"3966",24,2,2,2,0
"3967",25,2,0,1,0
"3968",1,25,4,0,0
"3969",1,24,3,1,1
"3970",0,1,19,1,1
"3971",19,0,4,1,0
"3972",22,2,2,0,0
"3973",1,22,2,0,0
"3974",18,3,4,0,1
"3975",0,13,5,0,0
"3976",0,3,1,14,2
"3977",0,27,2,1,0
"3978",2,9,12,0,0
"3979",0,2,23,1,0
"3980",1,23,0,0,0
"3981",22,4,0,0,0
"3982",19,1,1,0,0
"3983",1,0,12,6,0
"3984",18,1,1,1,2
"3985",6,23,1,0,0
"3986",5,21,2,0,0
"3987",1,28,1,0,0
"3988",1,29,1,0,0
"3989",11,6,1,1,0
"3990",0,25,0,0,0
"3991",3,22,1,0,0
"3992",0,29,1,0,1
"3993",3,19,2,0,0
"3994",15,5,2,0,0
"3995",3,26,2,0,0
"3996",3,15,6,0,0
"3997",20,2,0,0,0
"3998",23,0,3,3,0
"3999",22,0,0,0,0
"4000",13,7,3,2,0
"4001",23,5,0,0,0
"4002",1,25,2,0,0
"4003",3,0,2,15,2
"4004",3,25,5,0,0
"4005",21,2,1,1,0
"4006",19,3,0,3,0
"4007",1,2,20,1,0
"4008",9,11,2,0,0
"4009",22,1,2,1,2
"4010",1,23,2,2,0
"4011",1,25,5,0,0
"4012",1,22,5,0,0
"4013",20,0,4,0,0
"4014",3,27,0,0,0
"4015",1,25,2,0,2
"4016",6,16,2,4,0
"4017",1,21,3,0,0
"4018",3,25,2,0,0
"4019",1,20,3,3,1
"4020",1,27,3,1,0
"4021",21,1,3,0,0
"4022",1,23,1,0,0
"4023",3,24,3,0,0
"4024",0,25,4,0,0
"4025",0,1,6,6,7
"4026",0,23,6,0,0
"4027",0,30,2,0,0
"4028",0,10,8,1,4
"4029",6,16,2,0,0
"4030",1,21,2,1,0
"4031",29,0,0,0,0
"4032",21,4,0,1,0
"4033",1,22,1,1,0
"4034",22,3,0,0,0
"4035",19,2,1,0,0
"4036",0,28,2,0,0
"4037",2,27,2,0,0
"4038",23,0,0,0,0
"4039",9,11,1,0,0
"4040",15,7,1,0,0
"4041",15,11,0,1,0
"4042",7,10,6,0,0
"4043",9,8,2,1,0
"4044",10,15,2,2,0
"4045",25,1,2,1,0
"4046",1,2,23,0,0
"4047",0,29,0,2,0
"4048",20,3,0,0,0
"4049",0,22,4,1,0
"4050",0,0,4,13,0
"4051",24,2,2,0,0
"4052",0,5,19,1,0
"4053",21,1,2,0,0
"4054",1,25,0,0,0
"4055",13,7,0,1,0
"4056",2,25,2,2,0
"4057",24,3,0,1,0
"4058",0,26,2,0,0
"4059",1,4,18,2,0
"4060",2,0,12,3,2
"4061",27,0,0,0,0
"4062",0,0,22,1,0
"4063",0,0,2,16,1
"4064",2,1,8,9,0
"4065",1,24,2,0,0
"4066",1,23,3,0,0
"4067",0,10,1,9,0
"4068",2,21,2,0,0
"4069",0,20,1,0,2
"4070",1,24,4,0,0
"4071",3,22,0,2,0
"4072",6,4,3,2,2
"4073",27,0,3,0,0
"4074",0,26,0,3,0
"4075",3,19,3,1,0
"4076",0,3,13,2,0
"4077",6,17,1,0,0
"4078",28,5,2,0,0
"4079",1,23,3,0,1
"4080",7,18,2,0,0
"4081",0,5,22,0,0
"4082",3,0,23,1,0
"4083",10,14,0,0,0
"4084",4,23,6,0,0
"4085",1,25,3,0,0
"4086",0,20,3,1,0
"4087",0,29,3,1,0
"4088",0,4,11,4,0
"4089",9,13,1,0,0
"4090",3,20,8,0,0
"4091",3,13,8,0,0
"4092",0,0,15,4,0
"4093",4,18,3,0,0
"4094",1,9,16,1,0
"4095",0,2,21,3,0
"4096",0,26,2,0,0
"4097",14,13,0,0,0
"4098",0,20,4,0,1
"4099",20,2,2,1,0
"4100",0,21,5,1,0
"4101",14,6,0,3,0
"4102",7,19,2,0,0
"4103",0,4,3,5,1
"4104",7,18,2,1,0
"4105",0,27,3,1,0
"4106",6,18,1,2,0
"4107",2,0,20,1,0
"4108",18,1,2,2,0
"4109",24,0,2,0,0
"4110",3,20,0,2,0
"4111",1,4,21,0,0
"4112",5,19,0,0,0
"4113",22,3,0,0,0
"4114",24,0,2,2,0
"4115",19,3,0,0,1
"4116",0,1,15,7,1
"4117",0,26,0,1,0
"4118",14,8,1,1,0
"4119",9,5,4,0,0
"4120",15,4,3,1,2
"4121",0,25,1,0,0
"4122",9,18,1,0,0
"4123",0,25,1,0,1
"4124",0,2,0,16,2
"4125",2,24,2,0,0
"4126",29,2,0,0,0
"4127",14,3,5,2,0
"4128",5,2,7,7,0
"4129",11,10,0,1,0
"4130",2,3,16,0,0
"4131",3,8,6,2,0
"4132",1,22,2,1,0
"4133",1,18,8,0,0
"4134",4,24,0,0,0
"4135",1,20,4,1,0
"4136",15,11,0,0,0
"4137",11,11,0,1,0
"4138",7,19,4,0,0
"4139",18,2,3,0,0
"4140",3,22,3,1,0
"4141",0,23,1,2,0
"4142",4,23,0,0,2
"4143",1,0,14,6,0
"4144",1,20,2,1,0
"4145",3,30,2,0,0
"4146",23,2,0,0,0
"4147",2,22,1,0,0
"4148",2,23,2,2,0
"4149",0,6,1,6,0
"4150",16,4,5,0,1
"4151",2,0,20,2,0
"4152",21,2,3,0,0
"4153",2,0,2,0,0
"4154",1,25,5,2,0
"4155",0,28,1,2,0
"4156",3,26,0,0,0
"4157",0,32,2,1,0
"4158",3,25,2,0,0
"4159",2,20,3,1,0
"4160",2,25,0,1,0
"4161",12,4,8,0,0
"4162",21,7,4,0,0
"4163",18,0,5,0,1
"4164",23,2,0,2,0
"4165",8,8,3,1,0
"4166",1,25,5,0,0
"4167",5,17,3,0,0
"4168",4,0,8,2,0
"4169",23,4,3,0,0
"4170",0,11,3,5,1
"4171",4,22,4,0,0
"4172",28,2,0,0,0
"4173",0,21,2,2,0
"4174",20,4,2,0,0
"4175",21,1,1,1,0
"4176",3,25,0,0,0
"4177",5,17,1,0,0
"4178",10,16,1,0,0
"4179",1,26,2,1,0
"4180",2,4,1,12,0
"4181",2,24,1,0,0
"4182",20,1,0,0,0
"4183",2,26,3,0,0
"4184",2,28,1,0,0
"4185",1,0,2,20,0
"4186",2,21,0,0,0
"4187",0,15,1,0,0
"4188",1,30,0,1,0
"4189",13,2,2,2,0
"4190",2,23,0,1,0
"4191",2,22,3,0,0
"4192",3,27,0,2,0
"4193",4,25,2,2,0
"4194",21,1,0,0,0
"4195",20,5,1,0,0
"4196",19,5,0,0,0
"4197",9,17,3,0,0
"4198",2,24,1,0,0
"4199",1,1,27,2,0
"4200",0,24,2,4,0
"4201",7,18,3,0,0
"4202",0,21,7,0,0
"4203",0,31,0,0,0
"4204",7,15,2,3,0
"4205",0,24,2,2,1
"4206",4,23,2,1,0
"4207",21,0,4,0,0
"4208",2,22,3,0,0
"4209",14,6,0,0,0
"4210",7,17,2,0,0
"4211",24,0,1,0,0
"4212",26,2,2,0,0
"4213",25,2,4,0,0
"4214",20,1,4,0,0
"4215",4,22,0,1,0
"4216",7,16,4,0,0
"4217",4,27,0,0,0
"4218",7,19,0,0,0
"4219",3,23,3,0,0
"4220",0,29,3,0,0
"4221",0,26,5,0,0
"4222",1,18,6,1,0
"4223",3,24,2,1,0
"4224",0,1,16,2,1
"4225",19,0,3,1,1
"4226",0,0,5,3,7
"4227",11,19,3,2,0
"4228",21,2,3,0,0
"4229",10,15,1,0,0
"4230",4,22,0,1,0
"4231",4,22,0,0,0
"4232",2,28,0,0,0
"4233",1,25,2,0,0
"4234",0,33,1,0,0
"4235",14,6,2,1,0
"4236",23,0,0,0,0
"4237",0,26,4,1,0
"4238",22,5,0,0,0
"4239",1,17,2,2,0
"4240",22,0,3,1,0
"4241",0,3,9,9,0
"4242",3,23,0,1,0
"4243",25,1,3,0,0
"4244",26,0,4,1,0
"4245",4,8,8,1,0
"4246",16,2,2,2,0
"4247",3,26,4,0,0
"4248",2,28,2,0,0
"4249",18,15,4,0,0
"4250",1,0,21,3,0
"4251",1,2,20,2,0
"4252",4,20,5,0,0
"4253",0,23,0,2,0
"4254",0,5,20,2,0
"4255",9,14,2,0,0
"4256",0,5,17,1,0
"4257",1,5,12,1,0
"4258",0,26,5,0,0
"4259",0,2,2,11,6
"4260",0,4,18,3,0
"4261",2,0,24,0,0
"4262",7,18,4,1,0
"4263",14,10,6,0,0
"4264",10,16,0,0,0
"4265",18,5,3,0,0
"4266",28,3,2,2,0
"4267",2,0,21,0,0
"4268",17,6,0,1,0
"4269",4,21,4,0,0
"4270",0,0,8,8,4
"4271",2,22,0,0,0
"4272",1,25,1,0,0
"4273",0,1,13,6,1
"4274",1,22,6,0,0
"4275",25,3,0,2,2
"4276",1,26,2,0,0
"4277",2,18,5,1,0
"4278",0,22,5,1,0
"4279",2,8,6,5,0
"4280",0,19,3,1,0
"4281",0,0,20,5,0
"4282",1,29,2,0,0
"4283",4,24,5,0,2
"4284",4,21,1,1,0
"4285",2,27,5,0,0
"4286",0,0,2,15,4
"4287",1,24,1,1,0
"4288",13,5,5,0,0
"4289",5,22,3,0,0
"4290",0,22,3,0,0
"4291",0,27,1,0,0
"4292",0,31,1,0,0
"4293",0,3,22,0,0
"4294",1,29,0,1,0
"4295",13,11,0,2,0
"4296",0,0,23,1,1
"4297",13,11,2,0,0
"4298",8,16,0,0,0
"4299",1,23,1,0,0
"4300",2,25,2,2,0
"4301",2,0,21,4,0
"4302",3,26,0,0,0
"4303",0,0,12,2,3
"4304",0,24,2,1,0
"4305",1,31,0,2,0
"4306",7,13,0,0,0
"4307",1,30,0,0,0
"4308",0,22,2,1,0
"4309",2,0,1,8,3
"4310",2,27,3,0,0
"4311",7,0,14,1,0
"4312",2,10,8,0,0
"4313",0,1,25,0,0
"4314",0,15,3,1,2
"4315",19,2,1,0,0
"4316",17,2,0,2,2
"4317",18,4,1,0,0
"4318",0,26,2,2,0
"4319",0,16,9,1,0
"4320",1,24,3,3,0
"4321",1,28,3,0,0
"4322",0,31,1,0,0
"4323",0,29,1,0,0
"4324",2,23,0,0,0
"4325",23,4,2,0,0
"4326",22,0,1,0,0
"4327",0,4,12,2,0
"4328",4,20,2,2,0
"4329",9,12,3,0,0
"4330",0,29,3,0,0
"4331",1,21,4,1,0
"4332",0,26,5,1,0
"4333",7,14,3,0,0
"4334",23,0,1,2,2
"4335",7,12,6,0,0
"4336",24,0,2,5,0
"4337",1,0,11,12,0
"4338",16,2,3,0,0
"4339",2,31,0,0,0
"4340",0,26,5,0,0
"4341",3,4,7,5,0
"4342",3,25,3,0,0
"4343",19,3,3,0,0
"4344",3,24,0,0,0
"4345",8,14,3,0,0
"4346",3,15,6,0,0
"4347",2,23,2,0,0
"4348",1,22,3,1,0
"4349",26,2,1,0,0
"4350",21,3,0,1,0
"4351",4,29,0,0,0
"4352",2,26,3,0,0
"4353",20,0,1,0,0
"4354",1,30,2,0,0
"4355",19,6,4,0,0
"4356",23,1,1,0,0
"4357",23,5,3,2,0
"4358",1,29,0,1,0
"4359",1,22,4,0,0
"4360",7,17,2,0,0
"4361",0,2,20,0,0
"4362",2,1,23,0,0
"4363",3,17,0,0,0
"4364",1,20,3,0,0
"4365",0,8,8,3,0
"4366",22,3,1,0,0
"4367",0,34,2,0,0
"4368",5,23,0,0,0
"4369",2,23,4,0,0
"4370",1,4,17,0,0
"4371",24,2,0,3,1
"4372",22,0,4,0,0
"4373",25,0,1,2,0
"4374",1,29,2,1,0
"4375",26,0,2,0,0
"4376",24,5,5,0,0
"4377",0,0,1,20,0
"4378",2,20,3,1,0
"4379",0,20,2,1,0
"4380",22,1,4,0,0
"4381",1,3,22,0,0
"4382",2,26,0,1,0
"4383",0,14,9,0,0
"4384",2,28,0,1,0
"4385",4,14,8,0,0
"4386",4,23,2,0,0
"4387",4,26,2,0,0
"4388",2,22,3,0,0
"4389",0,4,18,4,0
"4390",20,2,2,0,0
"4391",9,18,1,0,0
"4392",1,15,11,0,0
"4393",0,0,20,3,0
"4394",12,2,9,2,0
"4395",0,0,9,4,0
"4396",3,25,1,0,0
"4397",1,4,19,0,0
"4398",19,0,3,0,0
"4399",0,27,1,0,0
"4400",7,9,3,0,0
"4401",1,24,6,2,0
"4402",1,0,21,1,0
"4403",0,0,20,1,1
"4404",20,0,4,2,0
"4405",5,14,4,0,0
"4406",21,2,0,0,0
"4407",0,29,2,1,0
"4408",7,20,0,0,0
"4409",9,7,4,0,0
"4410",2,27,1,0,0
"4411",0,23,0,0,0
"4412",7,19,3,0,0
"4413",24,6,3,0,0
"4414",19,1,3,0,0
"4415",2,28,0,0,0
"4416",0,10,15,2,0
"4417",21,0,0,1,0
"4418",2,22,0,2,0
"4419",8,3,7,3,0
"4420",0,32,0,2,0
"4421",1,12,6,2,0
"4422",27,0,4,0,0
"4423",1,20,2,1,0
"4424",21,4,3,0,0
"4425",25,0,1,0,0
"4426",8,15,0,0,0
"4427",6,24,0,0,0
"4428",4,20,2,2,0
"4429",1,8,8,1,0
"4430",3,26,1,1,0
"4431",1,24,2,2,0
"4432",0,4,18,2,0
"4433",3,24,0,0,0
"4434",1,25,0,4,1
"4435",5,22,0,0,0
"4436",24,1,0,0,0
"4437",20,4,5,0,0
"4438",16,2,5,0,0
"4439",1,6,3,11,1
"4440",0,6,17,0,0
"4441",0,2,18,2,0
"4442",6,22,3,0,0
"4443",2,26,2,2,0
"4444",0,0,27,2,0
"4445",8,15,0,0,0
"4446",2,23,0,2,1
"4447",0,4,20,0,0
"4448",1,1,16,1,3
"4449",0,3,11,4,0
"4450",1,35,3,0,0
"4451",1,19,0,2,0
"4452",1,25,2,2,0
"4453",0,1,20,1,0
"4454",0,1,24,0,0
"4455",19,2,0,0,0
"4456",0,27,3,0,0
"4457",27,0,0,0,0
"4458",0,18,1,2,0
"4459",2,26,2,0,0
"4460",0,26,3,0,0
"4461",0,31,1,0,0
"4462",13,11,4,0,0
"4463",0,6,19,1,0
"4464",1,28,0,2,1
"4465",0,25,2,0,0
"4466",1,0,24,0,0
"4467",1,24,4,0,0
"4468",1,8,6,5,1
"4469",4,12,1,0,0
"4470",2,11,6,0,0
"4471",0,0,3,10,1
"4472",2,23,1,1,0
"4473",23,5,6,0,0
"4474",7,19,0,2,0
"4475",10,14,5,0,0
"4476",7,20,0,2,0
"4477",7,23,0,0,0
"4478",0,25,5,0,0
"4479",1,3,14,0,0
"4480",22,4,1,0,0
"4481",14,10,1,0,0
"4482",2,28,0,0,0
"4483",7,15,2,0,0
"4484",9,12,0,1,0
"4485",1,28,0,0,0
"4486",1,2,19,1,0
"4487",7,12,1,0,0
"4488",27,0,4,0,0
"4489",0,0,21,5,0
"4490",23,0,1,3,0
"4491",24,4,0,2,0
"4492",6,21,0,0,0
"4493",4,14,0,0,0
"4494",2,25,3,0,0
"4495",20,0,1,0,0
"4496",0,5,5,7,1
"4497",0,1,4,12,0
"4498",7,2,4,2,0
"4499",2,26,3,0,0
"4500",0,1,21,1,0
"4501",25,2,0,0,0
"4502",7,17,3,0,0
"4503",3,21,4,0,0
"4504",26,2,2,1,0
"4505",4,27,0,0,0
"4506",1,26,3,0,0
"4507",0,25,3,0,0
"4508",2,4,15,3,0
"4509",3,29,0,1,0
"4510",0,23,4,2,0
"4511",7,22,0,2,0
"4512",16,3,2,0,0
"4513",5,22,1,0,0
"4514",3,29,1,0,0
"4515",1,1,17,2,0
"4516",23,3,1,2,0
"4517",21,0,0,1,0
"4518",12,9,4,1,0
"4519",0,3,7,7,1
"4520",20,2,3,1,0
"4521",3,31,1,0,0
"4522",1,3,23,1,0
"4523",2,25,1,1,0
"4524",8,23,0,0,0
"4525",0,19,6,0,0
"4526",5,15,2,0,0
"4527",26,0,5,0,0
"4528",25,0,2,0,0
"4529",1,27,0,0,0
"4530",24,1,2,4,0
"4531",0,2,22,2,0
"4532",0,31,0,1,0
"4533",12,10,4,0,0
"4534",19,0,3,0,0
"4535",0,0,7,18,0
"4536",16,3,0,0,0
"4537",22,1,2,0,0
"4538",27,3,0,0,0
"4539",1,29,2,0,0
"4540",22,2,3,0,0
"4541",2,22,2,0,0
"4542",1,24,2,2,0
"4543",0,0,25,4,0
"4544",8,15,0,0,0
"4545",0,2,23,3,0
"4546",1,22,3,2,0
"4547",4,23,3,0,0
"4548",27,2,3,0,0
"4549",17,2,5,1,0
"4550",20,2,0,1,0
"4551",0,0,22,0,0
"4552",16,4,2,2,0
"4553",20,6,1,0,0
"4554",1,24,3,0,1
"4555",7,17,0,2,2
"4556",1,25,0,3,0
"4557",18,1,2,1,0
"4558",21,1,2,0,0
"4559",0,25,3,0,1
"4560",6,21,1,0,0
"4561",4,19,3,0,0
"4562",32,0,0,0,0
"4563",20,7,5,0,0
"4564",0,0,24,1,0
"4565",1,22,1,0,0
"4566",1,25,4,1,0
"4567",0,24,3,1,1
"4568",1,20,4,0,0
"4569",0,37,1,0,0
"4570",0,14,2,2,0
"4571",1,15,5,3,0
"4572",4,11,6,0,1
"4573",13,13,2,0,0
"4574",4,19,3,0,0
"4575",20,3,1,0,0
"4576",1,24,4,0,0
"4577",2,19,2,1,0
"4578",0,26,4,2,0
"4579",0,25,0,1,0
"4580",20,0,0,0,0
"4581",4,25,3,0,0
"4582",1,26,3,0,0
"4583",1,0,23,0,0
"4584",2,20,4,1,0
"4585",24,5,1,0,0
"4586",10,2,1,0,0
"4587",28,3,0,0,0
"4588",3,26,3,1,0
"4589",2,1,12,4,1
"4590",4,19,0,3,0
"4591",3,1,15,2,0
"4592",4,23,0,0,0
"4593",1,4,20,0,0
"4594",25,5,1,0,0
"4595",0,29,0,1,0
"4596",23,2,3,0,0
"4597",25,4,3,0,0
"4598",19,4,0,0,0
"4599",16,11,3,0,1
"4600",5,22,2,0,0
"4601",1,6,10,4,0
"4602",2,25,3,0,0
"4603",4,20,0,1,0
"4604",1,23,0,1,0
"4605",2,23,0,0,0
"4606",1,27,5,0,0
"4607",9,1,2,1,0
"4608",1,18,4,0,0
"4609",4,20,7,0,0
"4610",1,23,1,2,1
"4611",0,4,21,0,0
"4612",2,23,1,2,0
"4613",11,10,2,1,0
"4614",23,5,0,2,0
"4615",23,7,0,0,0
"4616",0,6,10,4,2
"4617",1,13,6,0,0
"4618",1,0,22,1,0
"4619",16,1,3,0,0
"4620",11,10,0,3,0
"4621",21,2,3,0,0
"4622",1,0,2,23,0
"4623",26,2,2,0,0
"4624",15,2,7,0,0
"4625",19,2,0,3,0
"4626",0,22,4,0,2
"4627",3,15,1,0,0
"4628",3,25,1,1,0
"4629",3,3,15,1,0
"4630",0,2,20,2,0
"4631",0,1,21,0,0
"4632",13,9,5,1,0
"4633",2,22,0,2,0
"4634",1,22,6,2,0
"4635",0,1,21,3,0
"4636",4,29,0,0,0
"4637",1,15,3,1,0
"4638",23,4,2,0,0
"4639",0,1,25,1,0
"4640",26,7,1,0,0
"4641",2,26,0,2,0
"4642",1,25,4,0,0
"4643",2,22,2,2,0
"4644",0,24,2,0,0
"4645",9,12,1,0,0
"4646",3,12,5,0,0
"4647",17,1,0,1,0
"4648",2,25,2,0,0
"4649",14,4,2,1,0
"4650",7,15,8,0,0
"4651",18,2,0,0,0
"4652",1,5,12,1,0
"4653",18,1,2,1,0
"4654",21,3,7,0,0
"4655",4,20,0,0,1
"4656",2,0,27,0,0
"4657",22,2,2,2,0
"4658",0,19,5,2,0
"4659",2,1,17,1,0
"4660",1,6,17,3,0
"4661",0,5,7,3,0
"4662",1,24,3,0,0
"4663",0,0,21,2,0
"4664",0,2,22,1,0
"4665",1,1,4,3,3
"4666",4,21,2,2,0
"4667",21,2,3,1,0
"4668",9,18,0,0,0
"4669",1,0,26,0,2
"4670",1,32,0,0,0
"4671",16,0,0,1,0
"4672",3,21,1,0,0
"4673",4,16,3,0,0
"4674",4,20,0,1,0
"4675",4,22,1,0,0
"4676",24,2,0,1,0
"4677",1,0,0,0,0
"4678",0,26,2,0,0
"4679",0,3,19,1,1
"4680",3,22,2,0,0
"4681",17,11,2,4,0
"4682",2,25,3,0,0
"4683",1,26,3,0,0
"4684",0,28,2,0,0
"4685",0,0,26,0,0
"4686",0,2,0,13,1
"4687",0,1,23,3,0
"4688",19,0,1,0,1
"4689",0,0,21,3,0
"4690",22,0,3,0,2
"4691",2,24,1,0,0
"4692",1,21,1,0,0
"4693",18,3,0,0,0
"4694",4,20,2,1,0
"4695",0,1,3,16,1
"4696",7,18,0,3,0
"4697",21,1,1,2,0
"4698",16,3,2,2,1
"4699",2,25,1,0,0
"4700",19,1,3,0,0
"4701",4,20,2,0,0
"4702",0,3,17,2,0
"4703",5,22,2,0,0
"4704",11,7,2,0,0
"4705",22,0,0,2,0
"4706",22,2,1,0,0
"4707",2,30,1,1,0
"4708",7,18,0,0,0
"4709",24,0,1,1,0
"4710",0,30,0,0,0
"4711",11,8,3,0,0
"4712",0,25,1,2,0
"4713",0,1,18,0,0
"4714",2,23,1,0,0
"4715",0,1,2,10,4
"4716",21,1,2,1,0
"4717",19,2,1,1,0
"4718",13,5,4,4,0
"4719",4,26,2,2,0
"4720",13,15,0,0,0
"4721",19,2,0,0,0
"4722",22,0,1,0,0
"4723",4,23,5,0,0
"4724",9,21,1,0,0
"4725",6,11,5,0,0
"4726",1,17,8,2,0
"4727",1,2,20,2,0
"4728",13,4,2,1,0
"4729",1,22,2,3,0
"4730",1,3,21,1,0
"4731",0,3,18,2,0
"4732",2,24,2,0,0
"4733",25,2,0,2,0
"4734",5,6,13,0,0
"4735",19,2,0,1,0
"4736",1,1,18,2,0
"4737",20,3,0,2,0
"4738",20,4,0,2,0
"4739",1,26,3,0,0
"4740",1,27,3,0,0
"4741",14,6,2,0,0
"4742",2,25,1,2,0
"4743",0,25,1,1,0
"4744",9,15,0,1,0
"4745",1,4,19,2,0
"4746",4,21,1,0,0
"4747",5,22,2,0,0
"4748",1,20,3,0,0
"4749",2,23,4,1,0
"4750",0,24,3,0,0
"4751",18,0,3,0,0
"4752",2,27,0,0,0
"4753",16,1,1,1,0
"4754",22,3,2,0,0
"4755",1,26,3,1,0
"4756",1,28,5,0,0
"4757",0,21,0,0,0
"4758",20,0,3,5,0
"4759",1,21,2,1,0
"4760",0,25,3,0,0
"4761",4,16,3,0,0
"4762",0,20,5,0,0
"4763",0,0,26,1,0
"4764",2,22,0,3,0
"4765",7,23,0,0,0
"4766",0,9,1,3,5
"4767",4,19,3,2,1
"4768",21,0,5,0,0
"4769",2,20,6,0,0
"4770",8,19,2,0,0
"4771",3,24,1,0,0
"4772",0,29,1,2,0
"4773",3,19,6,0,0
"4774",24,3,3,0,0
"4775",0,27,3,0,0
"4776",5,17,3,0,2
"4777",19,1,2,1,0
"4778",1,0,26,0,0
"4779",0,3,24,0,0
"4780",0,2,22,2,0
"4781",16,11,2,0,0
"4782",3,29,0,2,0
"4783",24,0,0,0,0
"4784",0,30,0,0,0
"4785",0,27,2,1,0
"4786",1,16,5,0,0
"4787",3,26,5,0,0
"4788",1,26,3,2,0
"4789",3,25,0,0,0
"4790",0,0,6,13,1
"4791",4,25,4,0,0
"4792",20,5,0,0,0
"4793",1,29,2,3,0
"4794",23,2,2,0,0
"4795",0,28,3,1,0
"4796",19,0,5,5,0
"4797",4,18,0,1,1
"4798",4,11,3,1,0
"4799",7,16,0,2,0
"4800",2,25,3,0,0
"4801",0,0,1,20,0
"4802",0,2,24,0,0
"4803",6,19,0,0,0
"4804",0,24,2,2,1
"4805",2,27,2,1,0
"4806",1,23,1,0,0
"4807",26,0,4,0,0
"4808",0,4,17,1,1
"4809",4,21,4,4,0
"4810",2,25,1,0,0
"4811",0,1,26,1,0
"4812",23,0,0,0,0
"4813",1,30,0,0,0
"4814",0,24,3,0,0
"4815",20,4,4,2,0
"4816",0,2,23,1,1
"4817",17,1,0,0,0
"4818",4,14,4,2,0
"4819",9,14,1,0,0
"4820",1,22,2,0,0
"4821",0,24,5,0,0
"4822",20,2,2,2,0
"4823",1,2,21,0,0
"4824",18,4,3,2,0
"4825",0,0,2,12,2
"4826",3,22,3,1,0
"4827",4,23,3,0,0
"4828",3,13,6,0,0
"4829",0,19,5,0,1
"4830",1,33,1,0,0
"4831",20,2,2,0,0
"4832",4,12,0,1,0
"4833",20,0,8,1,0
"4834",19,3,0,0,0
"4835",0,2,20,1,0
"4836",1,28,0,0,0
"4837",20,0,3,0,0
"4838",1,26,1,1,0
"4839",1,22,6,0,0
"4840",24,1,0,0,0
"4841",1,21,6,0,0
"4842",1,26,0,0,0
"4843",4,27,0,0,0
"4844",2,22,3,0,0
"4845",1,3,17,0,0
"4846",0,3,8,9,0
"4847",6,20,2,5,0
"4848",7,18,0,0,0
"4849",23,0,2,1,0
"4850",2,20,3,0,0
"4851",0,18,5,2,0
"4852",4,21,0,3,0
"4853",1,27,1,1,0
"4854",1,23,4,0,0
"4855",10,19,0,0,0
"4856",7,0,16,0,0
"4857",16,8,1,0,0
"4858",9,9,1,2,0
"4859",0,27,1,2,0
"4860",4,10,9,0,1
"4861",24,0,5,1,0
"4862",0,27,0,0,0
"4863",2,26,0,0,0
"4864",1,24,2,3,0
"4865",2,29,0,0,0
"4866",1,20,3,0,0
"4867",1,20,1,2,0
"4868",1,27,3,0,0
"4869",3,24,0,0,0
"4870",3,15,3,0,0
"4871",11,7,2,0,0
"4872",4,1,24,0,0
"4873",1,12,6,2,0
"4874",1,26,4,0,0
"4875",19,2,2,2,2
"4876",0,0,1,7,1
"4877",0,1,18,5,1
"4878",25,2,4,0,0
"4879",3,16,1,1,0
"4880",19,3,0,0,0
"4881",4,16,0,3,0
"4882",21,2,2,0,0
"4883",3,9,12,0,0
"4884",9,12,2,0,0
"4885",0,25,5,0,0
"4886",22,1,0,2,0
"4887",9,23,0,0,0
"4888",7,13,5,2,0
"4889",19,3,0,0,0
"4890",19,3,0,0,0
"4891",7,17,3,0,0
"4892",3,23,3,0,0
"4893",2,25,1,0,0
"4894",11,10,6,0,0
"4895",1,21,1,0,2
"4896",1,19,4,0,0
"4897",18,2,3,0,0
"4898",4,25,0,0,0
"4899",0,22,2,0,1
"4900",0,24,0,2,0
"4901",21,0,2,0,0
"4902",21,3,2,1,0
"4903",1,0,22,3,0
"4904",0,21,2,2,1
"4905",0,27,1,0,0
"4906",22,0,2,0,0
"4907",2,0,20,2,2
"4908",4,25,0,0,0
"4909",1,1,24,2,0
"4910",0,25,2,0,0
"4911",3,23,3,1,0
"4912",0,2,3,16,0
"4913",0,14,8,1,0
"4914",19,1,3,3,0
"4915",19,5,0,0,0
"4916",14,10,0,0,0
"4917",1,22,3,0,1
"4918",3,23,0,2,0
"4919",4,0,22,0,0
"4920",15,8,5,0,0
"4921",22,4,5,0,0
"4922",25,3,0,0,0
"4923",11,2,1,3,0
"4924",1,29,1,1,0
"4925",6,18,1,0,0
"4926",10,5,2,1,0
"4927",3,25,1,0,0
"4928",1,26,3,0,0
"4929",0,1,2,13,3
"4930",1,3,15,2,0
"4931",1,24,1,3,0
"4932",1,32,2,0,0
"4933",1,22,0,4,0
"4934",24,6,3,0,0
"4935",1,24,1,0,0
"4936",16,5,0,0,0
"4937",3,30,0,2,0
"4938",0,23,0,1,0
"4939",9,16,2,1,0
"4940",18,2,1,1,1
"4941",1,24,3,0,0
"4942",13,7,3,1,2
"4943",1,29,0,0,0
"4944",1,25,1,2,0
"4945",0,22,1,2,1
"4946",1,0,21,0,0
"4947",3,1,20,1,0
"4948",4,21,1,2,1
"4949",2,21,2,3,0
"4950",1,20,4,0,0
"4951",11,7,3,0,0
"4952",15,6,0,4,0
"4953",11,13,0,1,0
"4954",3,18,2,3,0
"4955",2,24,2,1,0
"4956",0,1,17,3,0
"4957",2,27,1,0,0
"4958",6,11,3,2,0
"4959",0,23,4,1,0
"4960",1,26,0,0,0
"4961",0,0,26,3,0
"4962",1,14,7,0,0
"4963",1,25,2,0,0
"4964",22,0,4,1,0
"4965",0,10,10,2,0
"4966",1,27,2,2,0
"4967",2,19,0,2,0
"4968",3,31,1,0,0
"4969",0,19,5,0,0
"4970",21,6,0,0,0
"4971",0,1,13,4,1
"4972",2,26,3,0,0
"4973",22,4,2,1,0
"4974",8,15,0,1,0
"4975",1,28,3,1,0
"4976",10,19,0,0,0
"4977",0,23,0,2,0
"4978",21,3,0,1,0
"4979",0,24,3,1,0
"4980",3,31,0,0,0
"4981",4,19,3,0,0
"4982",29,5,0,0,0
"4983",7,24,0,0,0
"4984",0,25,1,2,2
"4985",3,25,0,0,0
"4986",1,4,13,5,0
"4987",0,30,0,1,0
"4988",1,15,13,0,0
"4989",25,0,1,0,0
"4990",21,6,3,0,0
"4991",1,13,7,1,0
"4992",21,1,2,0,0
"4993",1,0,0,13,5
"4994",0,29,0,0,0
"4995",4,20,2,4,0
"4996",2,28,1,1,1
"4997",2,31,2,0,0
"4998",4,3,15,3,0
"4999",1,25,0,1,0
"5000",1,3,18,1,0
